text,IsToxic,IsAbusive,IsProvocative,IsObscene,IsHatespeech,IsRacist,IsThreat,IsReligiousHate,IsNationalist,IsSexist
wonder police expect happen continually abuse kill people honestly expect public nothing lay back take let cop turn one massive street gang allowed kill without consequence even rat cornered defend,True,True,True,False,False,False,False,False,False,False
bassem think walmart hiring holiday get job loser,True,True,False,False,False,False,False,False,False,False
anybody got cigar,False,False,False,False,False,False,False,False,False,False
monkey screamin bout honky intensifies,True,False,False,False,True,True,False,False,False,False
see brick hit white pig helmet lmao nice shot hit face,True,False,False,False,True,True,False,False,False,False
dont reckon black life matter banner held white cunt kinda patronizing ironically racist could not come somethin better white folk give self pride ooo look im nice black people always race actually whole world pussyfootin around fear racist fuckin daft man,True,True,False,True,False,False,False,False,False,False
thank stefan humorous tragic enlightening california,False,False,False,False,False,False,False,False,False,False
send france,False,False,False,False,False,False,False,False,False,False
tell even taboo talk something news medium not touch ten foot poleblack white crime black sexually assaulted white woman fewer black woman sexually assaulted white men yes used boj not make stats available online anymore stating statistic may inflammatory certain ethnic group tip iceberg,False,False,False,False,False,False,False,False,False,False
need arrest protester soon start blocking traffic driver saw starting block road would not stop em,True,True,True,False,False,False,True,False,False,False
im sick seeing racist comment shame still rascim grow fuck people,True,True,False,True,False,False,False,False,False,False
stefan molyneux hate black much actually not surprised bloody british people conquered u absolutely nothing freedom gain decade go hate u not pale one would wonder mother black woman,True,False,False,False,True,True,False,False,True,False
pant not loot,False,False,False,False,False,False,False,False,False,False
thank real heard little girl thought thing rage medium ever behind want promote racial tension nobody black community want talk elephant room almost like everything medium music scene promotes thug life,False,False,False,False,False,False,False,False,False,False
dear grindahz aka pot called kettle black spelling list week whether weather way weigh ferguson stupid hypocrite stay tuned grammar lesson punctuation lesson,False,False,False,False,False,False,False,False,False,False
people stupid fuck wouldt work idea fun loser nothing better oh yeah great work burning auto place no people unemployed cannot provide family great work police shot criminal happened black people definition sheep not one individual thinker among,True,True,False,False,False,False,False,False,False,False
thank yet another sobering analysis stefan amount bias deception left mainstream medium insane,False,False,False,False,False,False,False,False,False,False
cannot believe reciting music listened cop using excessive force cop become judge jury executioner society screwed issue cop not get trained escalation force not use non lethal mean apprehend civilian suspect,False,False,False,False,False,False,False,False,False,False
pretty woman dang,False,False,False,False,False,False,False,False,False,False
like black racist white ppl without consequence keep nice new world live keep,True,False,False,False,True,True,False,False,False,False
find amusing protester claim fighting racism yet blind racism several report black people attacking white people couple day ago reported white man beaten death hammer black teen st louis yeah clearly no racial intent fucking hypocrite,True,True,True,False,True,True,False,False,False,False
michael brown thug god bless thin blue line graduate police academy december,True,False,False,False,True,True,False,False,False,False
see impose gunlaws fact even machine gun people could not anything police car body protection like tank wanted say,False,False,False,False,False,False,False,False,False,False
majority people ferguson african american elected official not african american mayor city council police chief elected official people community not stepping fill role,False,False,False,False,False,False,False,False,False,False
yet another reason police need wear av recording device time people well really help ensure truth maintained time imagine officer pov camera would show situation,False,False,False,False,False,False,False,False,False,False
police not militarized,False,False,False,False,False,False,False,False,False,False
white folk always asked would cop something could ruin career answer know get away know chief fellow cop cover know white folk asshole like make excuse slim none chance trial kind always acquit,False,False,False,False,False,False,False,False,False,False
amen amen sister go strong black woman got back,False,False,False,False,False,False,False,False,False,False
shooting not one thing black black people make black issue bottom line grown man robbed store ignored police order people think ok protest behalf thug no respect law yes shame came death hadnt thief would still alive hear bullshit black gotta gotta hard street streetsblah blah blah wear hard living like badge honor no honor country hey let go steal cigarillo make blunts worsen already ghetto,True,False,False,False,True,True,False,False,False,False
white man cannot finish sentence america need wake upthe truth murder,True,True,False,False,True,True,False,False,False,False
someone shoot black idiot would make giggle inside,True,True,True,False,True,True,False,False,False,False
would stop cost came black community created no responsibility no worry,False,False,False,False,False,False,False,False,False,False
say black piece came bit stiff due repeated use african american,False,False,False,False,False,False,False,False,False,False
get job,True,True,True,False,False,False,False,False,False,False
made song addressing ferguson issue today please listen thank tha bigger picture soundcloud listen tha bigger picture kool np soundcloud,False,False,False,False,False,False,False,False,False,False
bassem right express himselfwe freedom expressionwe rightits amendment constitutioni dont think cnn competent,False,False,False,False,False,False,False,False,False,False
da fuck gay as bald white frenchy nigga gonna set hisself dang judge whole criminal conspiracy micheal brown mothafuckin hand air son u smart u know nigga hand mothafuckin air sign showin innocent tha crime sorry cussin shit internationally recognized indication innocence part perpetrator yall nigga medium plain old fashioned example murder first degree part mr officer darren wilson takin life nigga college student nigga kent state protestin get ass shot historic event michael brown shot dead street takin part ferguson protest yall medium mothafuckas try explain away,True,True,False,True,False,False,False,False,False,False
black young woman like stefan think need people like country,False,False,False,False,False,False,False,False,False,False
watching video clear stefan seems buy argument favor white police officer not dead black kid watched video posted see patter bias exist sure enough repeated patter argument tryvon martin soyou convince like minded not different alex jones many white conservative pretend system affect white people minority black fair game stefan keep preaching one sided view gain many white admirer share view,False,False,False,False,False,False,False,False,False,False
bassem masri well said bro,False,False,False,False,False,False,False,False,False,False
peggy know many fine black woman men like sick tired violence blame thanks speaking,False,False,False,False,False,False,False,False,False,False
sure michael brown knew killer young girl considered homeboy,False,False,False,False,False,False,False,False,False,False
case presented grand jury not return indictment apparently militarized police state gunning unarmed teen time unevolved racist used hide behind white hood hide behind computer screen police badge,True,True,True,False,False,False,False,False,False,False
jerk made b story skittle arizona ice tea component lean actual promethazine pharmaceutical drug easy get street level guy quake antebellum period dreamer negro live beneath need realize really not much better statistic would say white well fair white committ violent crime anyone pls come white savior b,False,False,False,False,False,False,False,False,False,False
no idea cop mooed always thought oinked learn something new every day,True,True,False,False,False,False,False,False,False,False
never argue idiot,True,True,False,False,False,False,False,False,False,False
peace need found side stubborn relentless peaceful not go work sit step power day chant concern “fear path dark side fear lead anger anger lead hate hate lead suffering” yoda,False,False,False,False,False,False,False,False,False,False
ignorance law no excuse usc deprivation right color law,False,False,False,False,False,False,False,False,False,False
gentle giant seems robbed store later assaulted armed police officer much school boy look hoping thug life come high price,True,False,False,False,True,True,False,False,False,False
need search youtube actual cnn doctored audio michaelbrown shooting cnn caught changing evidence﻿,False,False,False,False,False,False,False,False,False,False
dis furgusun de unitid stateth murka retard start violent protest try pawn police state lie cop arrive,True,True,True,False,False,False,False,False,False,False
lot driver banded together collectively beat living shit every one little prick,True,True,False,False,False,False,True,False,False,False
wish joe would gone fear factor eat fresh steaming pile shit mouth would full not hear worthless cunt speak,True,True,False,True,False,False,False,False,False,False
glad protestors affect many people give public reason hate,True,True,True,False,False,False,False,False,False,False
really hard open fire,True,True,True,False,False,False,False,False,False,False
without badge bitch half fuck police,True,True,False,False,False,False,False,False,False,False
fuck need military police civilian like wanna bring new gear dress like soldier strut around trying look tough,False,False,False,False,False,False,False,False,False,False
dude fuck punk police,True,True,False,True,False,False,False,False,False,False
omg stefan rap hysterical anyway good news guess know whatshisname douche deserved die premptive strike made officer darren wilson huzzah another trash taken street probably cure disease rather treat symptom though disease ignorance selfentitlement community lower class getting poverty isnt easy starting point isnt easy still feasible right amount drive,True,True,True,False,False,False,False,False,False,False
video would interesting stefan taking clothes sexy case really not hard understand would cop good record year service shoot teenager hand witness friend lied started protest snowball effect ensued watch video store show brown aggressive hard believe evidence made huge error judgement fighting police officer no not,False,False,False,False,False,False,False,False,False,False
idiotz,True,True,False,False,False,False,False,False,False,False
dealt force,False,False,False,False,False,False,False,False,False,False
mr stefan molyneux mr wilson drive multifple story therefore deserve fair trial wilson law enforcer firm happened would good wilson speaks would truly respect officer would talk public seems hiding,False,False,False,False,False,False,False,False,False,False
omgyou not give whole story gave one side half,False,False,False,False,False,False,False,False,False,False
really say trevon martin brought watermelon skittle make lean lol yo white ppl say aaannnyything make blk ppl look certain way trutheven trevon said no limit nigga fuck whatkids say dumb thing time said batman lol sicken make kind excusewhy dont u talk second video tbat came year mike brown situation cop said didnt think important showed mike made trade store owner no robbery lol u talk corruption police medium withholding information,True,False,False,False,True,True,False,False,False,False
love lady need strong woman like peggy hubbard,False,False,False,False,False,False,False,False,False,False
never racist almost make one ofc dont mean get idea,False,False,False,False,False,False,False,False,False,False
day conservative support confederate flagdenies racismand criticize black people deemed hero white people lmao please get white woman black face screen,True,False,False,False,True,True,False,False,False,False
video actually happen simply trying smear young man’s image wanted rapper stole cigar nothing side video deserves death sentence also released new video officer wilson showing no injury show officer wilson not truthful incident perhaps need wait detail post bias video you’re going post video make sure accurate not mention friend criminal stated brown giving black white witness nothing incident stated hand surrendering wilson shot,False,False,False,False,False,False,False,False,False,False
question park cruiser front protester 🤔🤔,False,False,False,False,False,False,False,False,False,False
hoax,False,False,False,False,False,False,False,False,False,False
need people like peggy hubbard support mother year common sense,False,False,False,False,False,False,False,False,False,False
brown stepfather pant half way,True,True,False,True,False,False,False,False,False,False
something wrong audio,False,False,False,False,False,False,False,False,False,False
hear guy saying policeman stated year service officer died weapon one shoot execution style whatever fuck officer wilson let pound guy run fthe big run fast assume not take ft tell brown freeze shoot b way tell,True,True,True,True,False,False,False,False,False,False
relevance marijuana autopsy show entry wound spread body close range spread would tight hitting region likely chest area long range spread would dispersed see report wound underside arm exposed arm raised gesture peace ie hand empty away body pose plus no powder burn body far away,False,False,False,False,False,False,False,False,False,False
not think somebody deserves die stole cigar fine criminal put legal process humane kill american treat felon criminal like dog moment commit minor crime like stealing cigarette smoking weed no longer human not right one rap made bad quality tone not think matter lot people produce rap music considering biggest rapper always talk smoking weed bitch killing people no surprise brown probably inspired crime brown stealing cigar tell white person went convenience store stole alcohol got shot not even hour later police would justify police shooting,False,False,False,False,False,False,False,False,False,False
stop criminal wont get shot simple,True,True,True,False,False,False,False,False,False,False
yea fuck store clerk dare try job,True,True,True,True,False,False,False,False,False,False
lol happens greedy rich slime keep mass uneducated ignorant deal stupid created trying reason irrational exercise futility get popcorn ready bc boil fall talk fall walking,True,True,False,False,False,False,False,False,False,False
look like brown suicide cop thing,True,True,True,False,False,False,False,False,False,False
look deeper happens black people not put black people situation black people hope learns history,False,False,False,False,False,False,False,False,False,False
hey shout thai writing shirt lol thaipride,False,False,False,False,False,False,False,False,False,False
gal call spot way go mspeggy way go,False,False,False,False,False,False,False,False,False,False
stats dont represent problem race baiting attitude who crime ohh bet trayvon still little innocent boy dont speak lisp sure sign left wing democrat,True,False,False,False,True,True,False,False,False,False
people see herei cannot even understand sayingis black america good world seehow people respect race like see much bad,True,False,False,False,True,True,False,False,False,False
add another imbecile bunch reporter incompetent bastard,True,True,False,False,False,False,False,False,False,False
not blackmany year ago almost shot policei driving friend partying even illegal drug use cardid not even notice cop car behind mewhen light went freakedwe pulled panicked cop bright light uswe trying desperately hide drugsi could hear cop telling get car kept trying hide drugsof course saw going center console maybe get guni told loudlystop put hand see get car tell froze exactly told doif not listen would shotmost likely headi not understand anyone would not cop tell doif say put hand put hand tell step back step back defy person gun threaten shot color nothing,False,False,False,False,False,False,False,False,False,False
till started advocating parent family black community totally lost,False,False,False,False,False,False,False,False,False,False
thank peggy,False,False,False,False,False,False,False,False,False,False
masri close get isi america,True,True,False,False,False,False,False,False,False,False
point trying make black not equal opportunity ferguson suggesting city counsel give young black manwoman job black black people ferguson treated unfairly law enforcement suggesting black community law biding citizen break law less white people cop arrest black citizen fun sport even know true reason black community rioting looting even asked see rioting looting break knoxville young white couple kidnapped brutally rapped eventually murdered black men woman wonder come racism plain stupidity mr brown no angel study fact stay away emotion skin color,False,False,False,False,False,False,False,False,False,False
thanks obama,True,True,True,False,False,False,False,False,False,False
intellectual mature approach case black man many older black men prison dead stuck matrix truthers struggling no older men guide younger male often encounter police without understanding deal cop many role model come rapper advocate violence police deer caught headlight potential life death encounter racism not many black people ranting hate crime clearly assaulted store clerk indicates propensity violence wilson stop pointing finger address problem black teen lack male role model said black people need address alternative dealing suspectsvictims nonlethal weaponry deal encounter race start focus solution possible violent encounter alternative see progress police cannot go protest burn community retalitation police support theory brown product violent environment burning business going solve problem police department counterproductive hoax,False,False,False,False,False,False,False,False,False,False
believe photo gentle giant accomplice giving gang sign no even brown raise hand surrender maybe realized would blown could get trouble officer wilson adrenaline running high reacted officer not hesitate would lose life lord know no thing thug go college look angelic professional athlete keep getting arrested crap fed disgusted,True,False,False,False,True,True,False,False,False,False
might wrong majority black community not vote would not make sense inequality city government,False,False,False,False,False,False,False,False,False,False
almost floor shaving quality cigar cmon keep sensationalism one comment video perfect well thought well put,False,False,False,False,False,False,False,False,False,False
man stuff like really make reconsider world would hitler alive,True,False,False,False,True,True,False,False,False,False
blunt addiction tobacco blunt keep calling another play race card,False,False,False,False,False,False,False,False,False,False
cannot help motherfucker primitive compared white people get frustrated live around white people cannot compete black africa much selfassured not get reminded every day cannot compete multiculturalism not good anybody people throwing fit living tax dollar stolen white people,True,False,False,False,True,True,False,False,False,False
one must fucking stupid one attack police officer expects get away without response police,True,True,False,True,False,False,False,False,False,False
better society greater good michael brown went rail got ushered college life athletic scholarship became brown killer like ohsimpson became olj found civilly liable yknow,True,False,False,False,True,True,False,False,False,False
black people like,False,False,False,False,False,False,False,False,False,False
call researcher plan examine fact yet mention bullshit rumour trayvon martin iced tea skittle fact speculation victim blaming actually stop trying pretend yo examining fact,True,True,True,False,False,False,False,False,False,False
awesome,False,False,False,False,False,False,False,False,False,False
video liberal propaganda used divide people fuel chaos ferguson stay tuned trial fact deciding evil white people source problem mean straight watch trial no fox news cnn msnbc,False,False,False,False,False,False,False,False,False,False
black life matter take black ass home nothin black ass,True,False,False,False,True,True,False,False,False,False
france military taught could use lethal weapon us similarequal superior lethal weapon u another defend using superior weapon notnever allowed think noble french concept b,False,False,False,False,False,False,False,False,False,False
feel thirsty violence rather knowledge,False,False,False,False,False,False,False,False,False,False
worst testtube video ever inequality choice white flight via change demographic etc remaining resident say vote put nominee go city council meeting put grievance councilman etc besides supposedly postracial era america race leader matter oh btw title asked really caused riot seems account answer outoftown lawbreaker,False,False,False,False,False,False,False,False,False,False
ferguson protester flip police car new york time,False,False,False,False,False,False,False,False,False,False
fucking evidence evidence mean fact suspect armed robbery autopsy report evidence show cop innocent god damn,True,True,False,True,False,False,False,False,False,False
internet trolling time high,False,False,False,False,False,False,False,False,False,False
construction worker working area saw incident stated brown hand raised surrendering find interesting witness account limited solely account support minority viewpoint additionally innocent proven guilty mindset oj simpson charged nicoles murder explain shot brown back conveniently omit information witness state brown surrendering except mentioned not seen single picture injury sustained police officer brown allegedly beat actually believe picture existed would not medium not saying officer action motivated racism saying officer probably psychopathic tendency seems type hired police street usa great presentation highly hypocritical,True,True,True,False,False,False,False,False,False,False
micheal brown asked got think shot black racist,False,False,False,False,False,False,False,False,False,False
bad nobody ran hmmmm dumbass life matter stay fuck street duh 🙄🙄,True,True,True,True,False,False,False,False,False,False
think chief problem molyneux great ideal solid worthwhile goal hope share society cannot seem embrace ethical greyness human being frustrates nothing approach morality not believe worth listening political strategist requires recognizing conditionalnature human psychology constructing systemic guide help incentivize positive culture good philosophy crappy political theory,False,False,False,False,False,False,False,False,False,False
run ignorant fuck world better without,True,True,True,True,False,False,False,False,False,False
let u reverse roll black racist cop rich white communitiesbut cannot prove racist white man get pissed intolerable condition unload several clip high caliber ammo point blank range audacity questioning authority american need full alert elitist agenda set president questioning authority elitist upperclass problem prison culture cia drug cartel exporting job importing cheap labor elitist get bailed support corrupt system turn around c get past race issue govt incites divide working class hardly call working class govt put everyone work homeless class let u not get western history role big money play clusterfuck designed destroy nation destroyed point get back ask,True,False,False,False,True,True,False,False,False,False
friend get killed mean burn local home item seems correct,True,True,True,False,False,False,False,False,False,False
not care mike brown bullshit clearly understood youtube guy racist dumb point hold little water full hate lie,True,True,False,False,False,False,False,False,False,False
mr smerconish sir not journalist no journalist say claim interview object heshe searching min fame part interview andor heshe not speak direction wanted anything trying defame person illegal definitively serve time go back school truly obvious not handle word mouth care nor critical enough authority would wait ton paper show knowthat indeed ran stopped hand air got shot multiple time no doubt side happened witness say however investigative journalist go ask people opinion not superior get chair go real reporting shame shame cnn not hiring professional,True,True,True,False,False,False,False,False,False,False
brown piece shit world better without,True,True,False,False,False,False,False,False,False,False
many racist comment hate white sometimes,False,False,False,False,False,False,False,False,False,False
link poor little tryvon martin little mr brown yeah thug tired beat white person ground got shot effordsend story,True,False,False,False,True,True,False,False,False,False
ameland,True,False,False,False,True,True,False,False,True,False
take break bassem making much sense debate,False,False,False,False,False,False,False,False,False,False
leaving information giving police report not ask info lying omission not outright lyingbecause omitted information stupid lawyer,True,True,False,False,False,False,False,False,False,False
people like guy make america shake head nawamsain no fuck not,False,False,False,False,False,False,False,False,False,False
okay blacklivesmovent thug stop carp u wanna stand murder yet child died gettin shoot cheast becasue u wanna act like plant ape movie excuse black killing black u wanna come cop white ppl call u name rastist name u dont get try lisening lawa obeying law stop shooting inncent ppl benfits u guy killing ppl need jail,True,False,False,False,True,True,False,False,False,False
cnnso touchclose idiot people watching comedy reportinglol,True,True,False,False,False,False,False,False,False,False
dumb as people run 😡,True,True,True,True,False,False,False,False,False,False
think alot black people tired gun violence gang ignorance community want stop yes bad people race whats get statement talk thing black commuity people quick say bad people every race say putting black want people better caring self repectful way,False,False,False,False,False,False,False,False,False,False
point think cop point gun know told something provoked,False,False,False,False,False,False,False,False,False,False
shot,True,True,True,False,False,False,False,False,False,False
usa land free baby hahahaha people not living usa thankful everyday worse country earth,True,False,False,False,True,True,False,False,True,False
anyone else pissed ended let walk no big deal crap pulled no one got pepper sprayed,True,True,False,True,False,False,False,False,False,False
look dimwad policeescorting back people held upidiots,True,True,False,False,False,False,False,False,False,False
drive,True,True,True,False,False,False,False,False,False,False
hit nail head black life matter guess not keep killing stupid shit like gang loyalty selling drug instead getting education able get getto take hat parent raise chlidren value pride arecause one make difference not drug dealing gang banger difference going makeis one less holiday dinner,False,False,False,False,False,False,False,False,False,False
garbage policekick jobswhat paid supposed dothey let shit protester blocking thousand people could emergencyi would not surprisedwhen see videothat police like kissing themwhat idiotic law enforcement,True,True,True,True,False,False,False,False,False,False
molyneux spread complete information complete garbage,True,True,True,False,False,False,False,False,False,False
michael brown th person shot week u others notice almost share something common,False,False,False,False,False,False,False,False,False,False
cop make money arresting people easy money no tazing no macing no hurting grab cuff huge safety violation right,False,False,False,False,False,False,False,False,False,False
moving thought,False,False,False,False,False,False,False,False,False,False
no indictmentmoving right along,False,False,False,False,False,False,False,False,False,False
stephan thank video take available information account provides reasonable rational breakdown next video could please call truth police brutality militarization police united state thank steve,False,False,False,False,False,False,False,False,False,False
dude sure seems know good bit smoking weed hmmm according clown black man somewhat gang side factual based photo justified murder unarmed human not ok mfer,True,True,False,True,False,False,False,False,False,False
well bring tear gas beanbag round rubber bullet,True,True,True,False,False,False,False,False,False,False
agree protestor,False,False,False,False,False,False,False,False,False,False
wow,False,False,False,False,False,False,False,False,False,False
old man way tried forever well worked look,False,False,False,False,False,False,False,False,False,False
people disliked video problem man said nothing wrong change not happen not change good thing still numbered,False,False,False,False,False,False,False,False,False,False
proving blocking road,False,False,False,False,False,False,False,False,False,False
no time reported mr brown approached officer officer engaged young men mr brown ran away officer reported fired flight inconsistent would turned confront cop already hit one bullet might not like black folk not listen spin video given no weight eye witness report video discredit dead young man,False,False,False,False,False,False,False,False,False,False
dear mr stephen molyneux minute bit long right respond fact btw voted thumb number not even blink tried thumb must say thing happened fair thank homework hard work obviously spent lot time present case u nice obviously care much country best,False,False,False,False,False,False,False,False,False,False
arrest,False,False,False,False,False,False,False,False,False,False
u navy vet mad respect,False,False,False,False,False,False,False,False,False,False
well damn good,False,False,False,False,False,False,False,False,False,False
thank truth speaking innocent,False,False,False,False,False,False,False,False,False,False
bassem masri criminal thug psychopath no credibility no humanity need locked jail cell time rubberroom straightjacket bassem get intellectually dishonest butt community,True,True,False,True,False,False,False,False,False,False
anyone stupid enough stand roadway run die improve gene pool,True,False,False,False,True,True,False,False,False,False
music reference sex drug stealing murder etc ya pretty much rap music like,False,False,False,False,False,False,False,False,False,False
info put mike brownwhy nobody bringing fact darrin wilson tested positive illegalmood alteringnon prescription steroid post shooting toxicology test one also wonder info given grand jury doubtful,False,False,False,False,False,False,False,False,False,False
everyone saying micheal brown deserved treyvon martin eric garner,False,False,False,False,False,False,False,False,False,False
lol look got,False,False,False,False,False,False,False,False,False,False
muslim uk black brother sister america,False,False,False,False,False,False,False,False,False,False
black want respect speak act dress like huxtable family want treated prejudice speak act dress like known gangster steal thing act like street,True,False,False,False,True,True,False,False,False,False
c blk life matter bullshitwitch call bullshit black people killed five period newark nj call bullshitb,True,True,True,True,False,False,False,False,False,False
respect,False,False,False,False,False,False,False,False,False,False
back africa still thing cause seem like really not like hereand not working outmaybe turn continent around,True,False,False,False,True,True,False,False,False,False
agree sista,False,False,False,False,False,False,False,False,False,False
dumb fuck screwing fellow citizen instead protesting police 🤦‍♂️,True,True,False,False,False,False,False,False,False,False
cop need look video start arresting people,False,False,False,False,False,False,False,False,False,False
mike brown father not buy ithe got caught video saying burn bitch reffering fergusonand dude interviwing thug not given air time,True,True,False,False,False,False,False,False,False,False
hope next video entitled truth ferguson police department ferguson riot thanks usual quality research two issue match gasoline riot control otherwise peaceful protestors homeowner refusing go inside member press clear symptom something normal small town police sanford police similar protest incuding looting resisted escalation,False,False,False,False,False,False,False,False,False,False
tax dollar get spanking new cop car 😔,False,False,False,False,False,False,False,False,False,False
urban youth could not handle truth presented video,False,False,False,False,False,False,False,False,False,False
protest converted riot majority people wanted not fooled politician play serious game common man take care everyone save humanity peace,False,False,False,False,False,False,False,False,False,False
ridiculous liberal tripe meant divide u along raceclass barrier even blacksi refuse use word african american oppressed local government community band together vote vote black live democratic republic sorry argument nothing excuse criminal stats result large black community black really need stop listening democrat preach cannot win deck stacked oppressive lifestyle never rise current condition cling liberal excuse not color skin overall presentation,False,False,False,False,False,False,False,False,False,False
guy monster got deserved color not matter anyone attack guy gun gonna get shothe stupid illegal act tried hurting someone got blasted give cop raise,True,True,False,False,False,False,False,False,False,False
gotten fire dept fire truck blast water jet would get,True,True,True,False,False,False,False,False,False,False
protestors work living get time,False,False,False,False,False,False,False,False,False,False
blacklivesmatter built deceit lie,True,True,True,False,False,False,False,False,False,False
injury cop get treated,False,False,False,False,False,False,False,False,False,False
look people black life matter like white life mike brown life lawfully ended police officer assaulted mike brown suspect aka mr brown football player ft inch not mention high marijuana officer ft inch armed baton gun telling mr brown put hand witch evidence show not shot assaulting officer say well not officer well unless police officer cannot say officer something stupid done something else officer attacked man much larger not time stop think hmmm maybe not defend maybe let kill,False,False,False,False,False,False,False,False,False,False
hahahahaha molyneux reciting rap lyric intense,False,False,False,False,False,False,False,False,False,False
deserved killed smoke weedlike fightingthrow gang sign allegedly stole cigar,False,False,False,False,False,False,False,False,False,False
stef stateless society discussion existence cop useless know cop protect state corporation take decision existence people two second waw,False,False,False,False,False,False,False,False,False,False
people fuck america american fucking hate,True,True,False,True,False,False,False,False,False,False
fuck stupid as generation id like apologize generation agree people right protest speak etc love god don’t mess people didn’t anything get petition signed write government gotta fuck everyone’s day,True,True,False,True,False,False,False,False,False,False
yeah course go college money come pel majority negro drop half way semester,False,False,False,False,False,False,False,False,False,False
best honest black people ever know,False,False,False,False,False,False,False,False,False,False
magic hamster drank lot lean never heard anyone using skittle lean jolly rancher ideal candy use not magic hamster not doubt someone using skittle lean want point houston lean quoteunquote created magic hamster prefer use jolly rancher lean,False,False,False,False,False,False,False,False,False,False
god bless lady wish people like intelligence god bless little girl lost life thug sad not single one animal care black life matter as innocent life matter,False,False,False,False,False,False,False,False,False,False
didnt police job arrest idiot blocking public road ridiculous people arrested ran stupid not freeway,True,True,True,False,False,False,False,False,False,False
no talk get fucker road period would run let sue,True,True,True,False,False,False,False,False,False,False
plain n simple truth,False,False,False,False,False,False,False,False,False,False
stefi agree fact case grey however realize cop getting caught act unjustified violence daily base getting caught video writing narrative brutality thuggery public not tolerate longer police brutality recording police dangerous necessary,False,False,False,False,False,False,False,False,False,False
not interview constitution worker caught tape saying u shot hand,False,False,False,False,False,False,False,False,False,False
think indecent unessacerry event one person shot mr brown stole something not intirely police officer fault,False,False,False,False,False,False,False,False,False,False
comment fucking ridiculous seeing video year know “hands don’t shoot” bullshit still tragedy let’s not keep exploiting man death no good come anyway shape form,True,True,False,False,False,False,False,False,False,False
plow get way,True,True,True,False,False,False,False,False,False,False
act like animal get treated like animal,True,False,False,False,True,True,False,False,False,False
cannot life understand people think mike brown martyr cause man criminal black people criminal absolutely not white criminal hispanic criminal betcha situation exactly race reversed would not issue,True,False,False,False,True,True,False,False,False,False
run,True,True,True,False,False,False,False,False,False,False
bad riot shotgun not loaded live round,True,True,True,False,False,False,False,False,False,False
live st louis scary,False,False,False,False,False,False,False,False,False,False
one race human race,False,False,False,False,False,False,False,False,False,False
always mr molyneux excellent video,False,False,False,False,False,False,False,False,False,False
cop need given wide latitude self defense considering threat face incapacitated high chance executed dam gunnoone seems care shit,True,True,False,True,False,False,False,False,False,False
thinking getting bunch fact lean not made skittle iced tea wilson not know robbery video bunch poppy cock thank wasting time,True,True,True,False,False,False,False,False,False,False
agree people arm need find information rioting thinking getting high drug robbing store carelessly walking middle street screaming cop attacking reaching gun unarmed not mention size either people gullible find funny race racist black racist white every single time someone racist black person everyone throw hand get pissed white people not racist person not want sit everyone belief white people racist people happened past make sick think grow generation,False,False,False,False,False,False,False,False,False,False
shoot first ask question later hahahahahaha,True,True,True,False,False,False,False,False,False,False
piece shit no business wearing even chp uniform,True,True,False,False,False,False,False,False,False,False
bad weapon not discharged,True,True,True,False,False,False,False,False,False,False
fact michael brown legal adult robbing store time assaulted someone store assaulted cop assault cop mostly likely go get shot racist,False,False,False,False,False,False,False,False,False,False
u justice department audited ferguson police department found count excessive use police force africanamericans addition found email containing discriminatory language department computer federal government pursuing criminal case ferguson police department wonder bob mcculloch try defend one,False,False,False,False,False,False,False,False,False,False
go girl listened twice retweeted twice first gateway pundent second youtube god bless m hubbard god speed vid,False,False,False,False,False,False,False,False,False,False
ayy cnn lookin like pussy,True,True,False,True,False,False,False,False,False,False
thought mezzican,False,False,False,False,False,False,False,False,False,False
tear gas banned geneva convention really stupid cunt also assaulted man earlier day assaulted police officer thats violent felony add big thug tell saying unarmed shouldnt shot fucker tried take cop gun already tell would outraged thug killed cop double standard one say different stupid asthese two,True,True,False,False,False,False,False,False,False,False
bassem masri terrorist part isi,True,False,False,False,True,False,False,True,False,False
come call black african american not european american white,False,False,False,False,False,False,False,False,False,False
race much news article got no national medium attention last week,False,False,False,False,False,False,False,False,False,False
can’t believe people really believe leading kind revolution,False,False,False,False,False,False,False,False,False,False
cnn propaganda part people let hear ferguson,False,False,False,False,False,False,False,False,False,False
get pay protest ask protesting no idea flow along mean would run fuck system u cant arrest drive thru arrest fuck system america ok voice right no right block traffic,True,True,True,False,False,False,False,False,False,False
lmao read dude rap best part,False,False,False,False,False,False,False,False,False,False
warning round gatling gun clear freeway instant,True,True,True,False,False,False,False,False,False,False
think fell love,False,False,False,False,False,False,False,False,False,False
good job determining occurred brown killed however occurred not simple matter racism police abuse anything mentioned question everything pull back curtain see wizard illusion one life energy sacred turn tv peace love appreciation,False,False,False,False,False,False,False,False,False,False
peggy watch life leadership revolution video people smart good mentor really think research training would great leader keep great work,False,False,False,False,False,False,False,False,False,False
understand point black life matter blocking traffic like like wth gonna people need go place hospital familywork etc plane stupid,True,True,False,False,False,False,False,False,False,False
masri total idiot not know evidence come conclusion instead clue dont attack cop try take gun rush finally get car wont get shot duhhh would masri take brown icecream beating ground not defend btw brown momma gramma violently assaulted people selling tshirts memory brown put two people hospital stole money trashed shop probably charged know sort mentality brown raised thug wanna caused death,True,True,False,False,True,True,False,False,False,False
wait area majority african american not make since majority people pulled searched arrested area would african american well,False,False,False,False,False,False,False,False,False,False
people would obey law like normal human being would never happen winner,False,False,False,False,False,False,False,False,False,False
good quality,False,False,False,False,False,False,False,False,False,False
say sound spitting arab expression,False,False,False,False,False,False,False,False,False,False
pathetic pseudo philosophy vile little man,True,True,False,False,False,False,False,False,False,False
crazy everyone like video actually watching video min video min long lol,False,False,False,False,False,False,False,False,False,False
people know ground saying people ferguson saying not blackwhite thing cop stepping boundary said protest daylight peaceful tailgate like cop come militarylike overreactive fwiw,False,False,False,False,False,False,False,False,False,False
man good fighting back hope minority dont get rained national guard look wepons acting like war,False,False,False,False,False,False,False,False,False,False
love every thug deserves slug,True,False,False,False,True,True,False,False,False,False
gentle gentl giant,False,False,False,False,False,False,False,False,False,False
cruel mom,False,False,False,False,False,False,False,False,False,False
michael smerconish little bitch like subtly try insult guy guy laugh really show low cnn stoop garbage hole cnn become piece as sucking work michael smerconish guess no wonder home not watch cnn crap news network,True,True,False,True,False,False,False,False,False,False
people road goddamn kid,False,False,False,False,False,False,False,False,False,False
implying ferguson black elected appointed official white mean majority people ferguson not represented mostly black population would not happen voted support white official median income lower mo u whole population mostly black statistic,False,False,False,False,False,False,False,False,False,False
guess get away since label title police title label low life thug addict guess behind bar smh,False,False,False,False,False,False,False,False,False,False
good commentary perceptive fair,False,False,False,False,False,False,False,False,False,False
truth delivered courage conviction not political correctness reach heart mind honest productive hardworking people lady say like,False,False,False,False,False,False,False,False,False,False
mmh year already still moronic bullshit going shit as country,True,True,False,False,False,False,False,False,False,False
america day coming end emigration rate multiplying year mostly wealthy individual poor unskilled flooding unchecked goodbye america good run,False,False,False,False,False,False,False,False,False,False
freakin go girl,False,False,False,False,False,False,False,False,False,False
act like gentleman treated like gentleman someone not act like gentleman,False,False,False,False,False,False,False,False,False,False
michael brown rob store assaulted store owner fought police officer darren wilson police window went officer gun shot killed brown not shirt saying not armed happens criminal activity regardless color skin linch mob mentality not get way public pressure fact support brown activity day wonder brown wanted death suicide cop family could sue,True,True,True,False,False,False,False,False,False,False
omg started rapping lost lmao,False,False,False,False,False,False,False,False,False,False
wish much type protester come would arrested fined taught law,False,False,False,False,False,False,False,False,False,False
people say black play victim according comment fault elected officals racist white good thing going missouri racist white folk point finger take punk bitch power goin back racism deport everyone else,True,False,False,False,True,True,False,False,False,False
someone taken one team plowed right,True,True,True,False,False,False,False,False,False,False
thank speaking problem black community,False,False,False,False,False,False,False,False,False,False
awesome job peggy thank telling truth westandwithpeggyhubbard,False,False,False,False,False,False,False,False,False,False
find insane black people always play racist card every single little issue coincidental whiteblack situation case race nothing also say want justice go around destroying private property looting shop right mind would ask justice rob destroy people lively hood time though black community think perfectly acceptable black person kill white cop cop follows procedure defends self potential fatal attack get angry yeah black guy might not firearm could easily knife something value black people white law enforcement officer life equal understand officer defended self attack yes attack,True,False,False,False,True,True,False,False,False,False
mlk saw would cry,False,False,False,False,False,False,False,False,False,False
haha big old fucking made censor,False,False,False,False,False,False,False,False,False,False
rememberthe lootingstealing black purely gain free goodsall name mike brownyea rightit excuse stealpure simplea good concise introspective steffansome folk live grievancethis follows perfectly white guilt segmentkeep em rollin,True,False,False,False,True,True,False,False,False,False
need able call people gun ca citizen completely disarmed north hollywood bank heist would much shorter city people havent stripped nd ammendment right,True,True,True,False,False,False,False,False,False,False
lady first guest speaker al sharpton’s rally seriously,False,False,False,False,False,False,False,False,False,False
lmfao,False,False,False,False,False,False,False,False,False,False
police brutality affect everyone not black issue made black issue people not black tend stop listening end racial profiling police not fuck everyone police not care color not policeman fuck look youtube notice brutality not discriminate stop racial bullshit want cop finally held accountable powertripping action need realize playing whole black black black card make people not black feel less sympathetic every race issue,True,True,True,True,False,False,False,False,False,False
wow think going buy bullet proof vestshit black like everybody tryin shoot,True,True,True,False,False,False,False,False,False,False
police officer wearing camera lapel issue would open shut case,False,False,False,False,False,False,False,False,False,False
stefan fan rep river,False,False,False,False,False,False,False,False,False,False
anna dumb as n joe rogan no clue sayinganna go porn something n leave job one intelligent,True,True,False,True,True,False,False,False,False,True
run stupid as stupid enough stand middle freeway,True,True,True,True,False,False,False,False,False,False
white supremacy best,True,False,False,False,True,True,False,False,False,False
go back period big mouth moron,True,True,False,True,True,True,False,False,False,False
fucking commie not even know happened,True,True,False,True,False,False,False,False,False,False
hmm maybe there depth subject comment section nope bunch degenerate,True,True,False,False,False,False,False,False,False,False
moron talking peaceful burning nation flag idiot even though suppose old no knowledge baby making noise,True,True,False,False,False,False,False,False,False,False
excellent would mediaslaves u wait speak outso get lost next tragedy travesty happening going since thee origin usa nøbody free thee illusion real thee struggle experiencing collision experiment psychological warfare attrition typing thatalways aware baiting not allow create helter skelter,False,False,False,False,False,False,False,False,False,False
great footage wish news caster would shut minute police officer started talking let play outthat would much interesting hearing comment,False,False,False,False,False,False,False,False,False,False
sure people protesting actually protesting believe people taking advantage sad situation cause much chaos damage hurting community,False,False,False,False,False,False,False,False,False,False
oh politician style oratory peggy hubbard one short video ring message loud clearto listen ok england thankfully not gun culture seen enough american scene time know peggy drop hangwringing crap tell word written posted white housemavbe someone would listen act,False,False,False,False,False,False,False,False,False,False
fun fact not live ammo gun rubber slug,False,False,False,False,False,False,False,False,False,False
lmao not agree rioting violent protesting good stuff,False,False,False,False,False,False,False,False,False,False
massri need education,True,True,False,False,False,False,False,False,False,False
pepper spray cunt run,True,True,True,True,False,False,False,False,False,False
patient ever ambulance get injured worse can’t make hospital protestors liable die protestors charged man slaughter,True,True,True,False,False,False,False,False,False,False
police dont try shoot leg arm body part immobilize someone every time officer fire weapon using deadly force trained aim centre mass not part body,False,False,False,False,False,False,False,False,False,False
one best breakdown seen yet need slow think act thing,False,False,False,False,False,False,False,False,False,False
guy little biased sure maybe bring fact taser used could avoided forensics tell truly happened highly doubt mike brown needed shot six time calling back no one said cop hero handle two kid especially acted aggressively say cop completely right racist stefan come crazy cop held higher standard first cop mistake not calling backup second trying get door right kid lol not remember training u get space handle situation better uncle cop told also taser first move mike charging even pursued block away waited back,False,False,False,False,False,False,False,False,False,False
oh god fucking love arab guy wise word seriously someone open eye world see thing rare world today big fucking amen guy wake fuck america,True,True,False,True,False,False,False,False,False,False
nothing hypocritical movement claiming support black blocking probably hundred black trying get job feed god damn family,False,False,False,False,False,False,False,False,False,False
working poor white fear kid would profiled like whole life get searched every time get stopped no record love fucking hope better kid,False,False,False,False,False,False,False,False,False,False
testtube please explain black get stopped searched white white get make population get searched time black make population get searched time pretty obvious white likely get searched want explain find someone team actually remembers basic grade school math could go wrong video seems already explained others seriously enjoy watching channel bias strong one almost made want unsubscribe,False,False,False,False,False,False,False,False,False,False
hell care people peacefully protesting police feel threatened gonna act say blow fucker face tg follows riot,True,True,True,True,False,False,False,False,False,False
omg dumbass protester preventing cop job whining really really hate people protest like edit look ugly as black girl big eye,True,True,False,False,True,True,False,False,False,False
one thing think people forget riot ferguson human combat mind wrapped race not focused enough people,False,False,False,False,False,False,False,False,False,False
remembermichael brown young teen boy happened built like linerbacker robbed convenience storehe pillar community,False,False,False,False,False,False,False,False,False,False
understand committed robbery offense deserve die put jail not end life trayvon martin going buy skittle not deserve death either totally biased white would labelled troubled teenager peer pressured commit crime,False,False,False,False,False,False,False,False,False,False
cop mooing people beginning,False,False,False,False,False,False,False,False,False,False
man stef spitting fire hot enough make dylan jealous,False,False,False,False,False,False,False,False,False,False
michael brown asian name would dindu nuffin wong,True,False,False,False,True,True,False,False,False,False
fucking fuck cannot even defend properly joke,True,True,False,True,False,False,False,False,False,False
ignorant,False,False,False,False,False,False,False,False,False,False
idiot reporter survey percent black involved following gang activity shoplifting car jacking robbery robbery assault teenage pregnancy,True,True,False,False,True,True,False,False,False,False
moly loooooooooooooooooooooooves cop witness also clueless riot also decade police violence repression areaalso ignorant effect marijuana,False,False,False,False,False,False,False,False,False,False
every time interviewed person noticed ghetto clearly see education preschooler ever protested incredible stupid stuff dr martin luther king jr would disappointed respect ignorant black people like always ruining thing say not anything always victim wake stupid guy not one making america look stupid,True,False,False,False,True,True,False,False,False,False
cannot tell racist cop dumb guy messing cop hate make michael brown seem like holy man not not make right kill confusing,False,False,False,False,False,False,False,False,False,False
wonder big crater thug brown made street met final shot melon get sew blm truth fact not shit kitchen get right direction toilet,True,True,False,True,True,True,False,False,False,False
michale brown got asking black protestors racist white happening,True,True,True,False,True,True,False,False,False,False
always good moderate understanding saw woman scrubsscrew black life matter movement hope dy,True,False,False,False,True,True,False,False,False,False
anyone tell racist white man shoot black man not racist black man shoot white man case turn instantly racist one make no sense,False,False,False,False,False,False,False,False,False,False
national guard called hint riot national guard really spook rioter,False,False,False,False,False,False,False,False,False,False
not give fuck protesting not block fucking traffic cunt piss everyone elses day honestly cunt law intentionally block traffic driver reserve right run fuck quickening darwinism process anyway,True,True,False,True,False,False,False,False,False,False
not want justice see mob mentality action guilty no matter grand jury say no matter evidence say let u hang nearest tree officer right need learn speak proper english get job bigger racest white crowd would jail,True,False,False,False,True,True,False,False,False,False
racial profiling police intimidation robbed store got killed result fucking excuse man black people not get arrested commit strong arm robbery black people get violent not fear getting put like animal actually said not worry warrant lol fucking piece human garbage,True,True,False,False,False,False,False,False,False,False
look ready cut head must isi sympathizer going say maybe care issue hand want go loot store fuck shit,True,False,False,False,True,False,False,True,False,False
people get killed cop usa every year cop would kill many country would streat protest no matter dead man white black comment many white people dont give fuck dead black man dont get every unnecessary dead mater,True,True,False,True,False,False,False,False,False,False
fuck medium bassem right find something real investigate exaggerating want view money fuck selfish fuck people disgusting not know bare nasty self,True,True,True,True,False,False,False,False,False,False
keep letting real people get front camera truth told purest form,False,False,False,False,False,False,False,False,False,False
not protest,False,False,False,False,False,False,False,False,False,False
news fucktardspuppet playersall paid liar,True,True,False,False,False,False,False,False,False,False
agree report certainly think event went ferguson need investigated statistic support targeting particular race number stop search certainly explained away fact population region particular race given greater opportunity someone stopped likely going race think analysis would need conducted make collation not saying race not factor saying statistic misleading need considered thoughtfully stating support statement,False,False,False,False,False,False,False,False,False,False
moral story not reach cop gun probably gunna get shot white black,False,False,False,False,False,False,False,False,False,False
hey last week kansa city mo black man snuck retirement housing broke house beating year old couple death went outside attempted hot wire antique car three neighbor came townhouses mr howell afro american took gauge shot gun executed blowing head one armned known felon gotten previous murder charge could not find young girl bodynow ok ol white peoplecaucasianswhere al sharpeton jesse jackson,True,True,True,False,False,False,False,False,False,False
sue time wast,False,False,False,False,False,False,False,False,False,False
spin way want could thug police officer would not know either way unless previous offense remembered not not weapon police trained not shoot six time fact never truly know fact go sign petition police officer wear camera chest no debate seems threatening,False,False,False,False,False,False,False,False,False,False
thumb upped video clarify joe rogans commentary not ignorance ana spews not mean ignorant necessarily disparaging mean not really understand situation,False,False,False,False,False,False,False,False,False,False
would walk right past cop pepper spray boy cannot wait free pas beat protester as,True,True,True,False,False,False,True,False,False,False
people saying cop justified here new video witness saying mr brown hand,False,False,False,False,False,False,False,False,False,False
check tube post black man go epic rant ferguson rioter although message delivered childish cartoonish emotion one african american get,True,False,False,False,True,True,False,False,False,False
dems big as gun 😂😭,True,True,False,True,False,False,False,False,False,False
u job fucking loser get way,True,True,False,False,False,False,False,False,False,False
since know never held hand anyone raise hand show police ferguson racist scumbag watch tv count lot racist scumbags,True,False,False,False,True,True,False,False,False,False
time would want see sniper bush start picking one one,True,True,True,False,False,False,False,False,False,False
every time not agree police going go burn everything no relation not agree call protesting people fucking stupid deevolving,True,True,False,False,False,False,False,False,False,False
police car far away body officer realy good shot assaultedthis b wake believe deluded start vid pointing medium portrayed gentle giant go use similar tactic discredit mb ref pot making rap music guy making vid dad would leave town ever,False,False,False,False,False,False,False,False,False,False
agree time race war,True,False,False,False,True,True,False,False,False,False
sad watch youtube video get non biased report going ferguson thank,False,False,False,False,False,False,False,False,False,False
no state no cop no cop no shooting state problem right anarchocapitalists like steffan agree nonsense,False,False,False,False,False,False,False,False,False,False
said nigga way many time,False,False,False,False,False,False,False,False,False,False
yall racist fuck god please bless america,True,True,False,False,False,False,False,False,False,False
focus roll blunt mj not cause happens much like non criminal type criminal type also smoke pot pot absolutely nothing fact walking not driving important bring pot relative intel yes criminal tendency smoke pot criminal also tend smoke cigarette drink,False,False,False,False,False,False,False,False,False,False
white weak,True,False,False,False,True,True,False,False,False,False
statement think ali sheep butt fucker masri take ak go fight syria,True,True,True,True,True,True,False,False,False,False
useless cop talk protester instead breaking head,True,True,False,False,False,False,False,False,False,False
integration black people school business bank integration lost every thing,True,True,True,False,False,False,False,False,False,False
useless people standing middle road screaming useless shit,True,True,False,True,False,False,False,False,False,False
ugly truth talk like thug act like thug walk like thug live like thug die like thug live sword die sword not hate player hate game not innocent little child walking street got shot back cannot blame parent must look individual case adult kind music listen kind video view role model environment affect enablers associate importantly accountable action unfortunately day chose wrong pathway fate cannot rob store call shoplifting heck might well call borrowing without permission not first crime probably many unrecorded not caught negative action mike brown mb cannot assault another human without consequence say playing no big deal childish get real folk riot looting attack threat nothing mb culture feel entitled use excuse propaganda find excuse commit crime name no justice no peace hand not shoot please culture need stop pant ground pant ground looking like fool pant ground hat turned sideways gold mouth looking like fool pant ground let say not race not lack justice justice naturally street usually end tragedy result immature no respect thug believed could use size intimidate probably school know street real parent around would not called mb childish not nor childish behavior behavior felonious criminal frank would probably cost life elsewhere different time real parent would stated son wrong store clerk fact evidence show son assaulted officer posed threat going officer shot fired may son rest peace action not condone consequence due choice action unconditionally love son however also forgive officer apologize store clerk hope family people move learn action live dictate consequence positive negative would also like support alternate method event happen using nonlethal weapon rubber bullet taser mace etc truly support change no silence no violence no sugar coat human race need accountable say lastly officer racist shoot mb without rhyme reason fact targeted mb dj black decided gun mb back front even though surrendered peacefully hand raised would side mb support cause unfortunately evidence thus far not support paragraph question would still reaction officer female question would still reaction officer blackafrican american question would still reaction mike brown gunned peer race question would still reaction mike brown white question would still end result death mike brown productive home work school running street people nothing world dangerous sincere ignorance conscientious stupidity martin luther king jr think safe say living dangerous time simple fact proving martin luther king jr quote unfortunately coming race supporting lost cause people cry wolf mj please repost﻿,True,False,False,False,True,True,False,False,False,False
want shoot hardly wait till one kid get trouble police get killed,True,True,True,False,False,False,False,False,False,False
make damn angry worthless thug got shot protest animal looting tearing shit neighborhood everyone think black community fucked fucked,True,True,False,False,True,True,False,False,False,False
stfu muslim piece shit cop fired ten round as better still let cut head pour pig blood throat willing bet dirty fckn islamic bastard set fire not even black,True,True,True,False,True,False,True,True,False,False
want know shot back front pretty much tell story shot back none rest matter,False,False,False,False,False,False,False,False,False,False
christian rock,False,False,False,False,False,False,False,False,False,False
michael brown home angel street devil no altar boy death,False,False,False,False,False,False,False,False,False,False
peggy tip hat,False,False,False,False,False,False,False,False,False,False
death ti white devil,True,False,False,False,True,True,False,False,False,False
shoot apprehend easier said done evidence presented michael brown still attackin darren shot twice people misconception like movie one gun shot anywhere body disable attacker false belief case people still attacking running shot time god sake cent shot time alive attacked ft somthing pound person back hard say im goin shoot apprehend michael brown copnducted like gentleman would not happened aggresive piece shit muslim shit head not better filled rage not answer anything progression come tolerance not violence,True,False,False,False,True,True,False,True,False,False
cuumm dowww heeeeerrrr lol come,False,False,False,False,False,False,False,False,False,False
love peggy,False,False,False,False,False,False,False,False,False,False
not want son death vain let u burn bitch stupid fuck destroying livelihood peaceful protest fucking as,True,True,False,True,False,False,False,False,False,False
thought deal situation driver working thing came getting car getting driver stoppes car come clean road self justice something support irrationally rationally,True,True,True,False,False,False,False,False,False,False
agree joe cop extremely difficult job not many qualified handle yes lot good cop however intelligent unplugged matrix joe always claim seems completely unaware ignoring reality country corrupt prison industrial complex tie failed judicial system well racial agenda behind police brutality,True,True,True,False,False,False,False,False,False,False
something wrong voice,False,False,False,False,False,False,False,False,False,False
brave woman brought tear eye,False,False,False,False,False,False,False,False,False,False
good cnn anchor ever seen,False,False,False,False,False,False,False,False,False,False
michael brown not positively identified assailant store supposed robbery darren wilson not aware robbery time encounter clearly racist unsubscribing,False,False,False,False,False,False,False,False,False,False
since start giving fuck joe rogan say anything not used make people eat bug shit social commentator come fuck,True,True,False,True,False,False,False,False,False,False
wtf not guy got mugged iphone ferguson video hilarious,False,False,False,False,False,False,False,False,False,False
move tazed arrested,False,False,False,False,False,False,False,False,False,False
okay literal fuck skittle tea lean,True,True,False,True,False,False,False,False,False,False
mother told thing god bless woman,False,False,False,False,False,False,False,False,False,False
californian deserve backup since elect people allow happen without consequence tried lived would shot runned,True,True,True,False,True,True,False,False,True,False
stupid nigger,True,False,False,False,True,True,False,False,False,False
know worse late work shot killed,True,True,True,False,False,False,False,False,False,False
watch video stef mention know truth fucking evidence need start happened whole thing started car kid ran cop ran kid turned around charged cop cop freak fuck start shooting kid come coming cop eventually got hit head end,True,True,True,False,False,False,False,False,False,False
drug,False,False,False,False,False,False,False,False,False,False
one thug named brown rushed cop frown six bullet later met creator homies burn town,True,True,True,False,True,True,False,False,False,False
would really love see car snow plow drive straight protester,True,True,True,False,False,False,False,False,False,False
childish cop sleep night,False,False,False,False,False,False,False,False,False,False
im white person always thought everyone treated fairly blm creating bunch bull threatening life others making harder cop take bad guy maybe not drawing weapon fast enough killing spirit hero killing spirit not putting enough comply no rushing burning house type thing bad cop neighborhood gang neighborhood heat taken emboldening not spirit life matter form racism blm causing feeling black life not matter peggy gave hope still hope still intelligence black community maybe still live together one less white guy willing join kkk peggy not blm,True,False,False,False,True,True,False,False,False,False
hey rogan tell good cop put bad one jail,False,False,False,False,False,False,False,False,False,False
staged event fake riotsdivid conquerfake news,False,False,False,False,False,False,False,False,False,False
kajieme powell shooting video disturbs many reason link video mentoned,False,False,False,False,False,False,False,False,False,False
arab piece shit acting like get harrassed parent store yet act like get treated like black people lol people steal store moron piece shit,True,True,False,True,True,True,False,False,False,False
cannot shoot tear gas professional soldier member public country absolutely fine,True,True,True,False,False,False,False,False,False,False
arab dude absolutely right not shot extra time shoot he attacking would stop attack shoot twice still attacking six time shoot kill opinion,False,False,False,False,False,False,False,False,False,False
rocket launcher take care lightly armored vehicle lol,True,True,True,False,False,False,False,False,False,False
perhaps start teaching black law education important instead treating special snowflake,True,False,False,False,True,True,False,False,False,False
white guy really concerned plight black community doubt spend time hanging around black guy community see world reacts react world not time either secondly think anyone even hoped drug charge feeling gunshot first fleeing shooter kind fantasy live must think black shit anything survival mechanism world would not police officer right thing give u comfort life want believe cop story another story cop get start cop harassment type antic cop kid give year old fat fuck think whip everybodys as sas hit kid door dumb as kid instead passing getting officer fired paid dollar injury push door back officer grab neck scuffle incurs kid fire punch grill black guy hit pretty hard see boxing cop see red open fire kid run foot far as get body reminds fat as not sprinter maybe shot starting set want negotiate cop executes lawful maybe story make sense,True,True,True,True,False,False,False,False,False,False
completely idiot minutrs fame,True,True,False,False,False,False,False,False,False,False
awesome job law enforcement send disrupt tear islamic extremist radical america thanks,True,False,False,False,True,False,False,True,False,False
black man say needed black life matter message needed not either orits,False,False,False,False,False,False,False,False,False,False
understand anger war not answer,False,False,False,False,False,False,False,False,False,False
think nit upset white people much black people get shot police every day would ignorant fuck racism nit problem militarized police seeing police culture sick disrespected police black man use violence best bet logical america fight back despite colour skin go furgson next time bring gun shoot back,True,True,True,True,False,False,False,False,False,False
much good data wish presented without speculation marijuana blunts emphasis rap lyric youtube video know friend could not ever hurt anyone guilty saw video saw take cigar shove guy way no reason try bring culturally normative thing admittedly ridiculous not indicate actual violence including rap lyric often complete bull otherwise done amazing job collecting wide range fact putting together generally great presentation thank greatly appreciate fear much good material dismissed due emphasis item admit really not mean anything,False,False,False,False,False,False,False,False,False,False
people ferguson loot oly thing goverment care economy fuck n make effort stop crooked cop,True,True,True,True,False,False,False,False,False,False
good,False,False,False,False,False,False,False,False,False,False
stefan molyneux sir dumbest smart guy ever researcher research enitre history blackman america understand thing way detachted reality comical,True,True,False,False,False,False,False,False,False,False
oh man thug life typesyou hilarious seriously fuckin riot look take three dollar pocket knife back pawnshop pull pant stop playing basstracks sedan rim cost car sit as back office belong criminal life not,True,False,False,False,True,True,False,False,False,False
guy love guy spends minute telus roll blunt,False,False,False,False,False,False,False,False,False,False
people sick man speaking truth yall mad trying justify young boy nothing shot killed smh yall devil disease earth glad sun burn ass extinction planet back half animal half devil cave beast,True,True,True,True,False,False,False,False,False,False
no racism equally worthless full metal jacket,False,False,False,False,False,False,False,False,False,False
gun use rubber bullet stupid russian news channel,True,True,False,False,False,False,False,False,False,False
liberal nonsense,True,False,False,False,True,False,False,False,False,False
body cam also air police run day day not cop screw,False,False,False,False,False,False,False,False,False,False
dat mask tho,False,False,False,False,False,False,False,False,False,False
confederation ill back,False,False,False,False,False,False,False,False,False,False
let steal convenience store let go punch cop face get shot time let get black people white apologist run around street setting building fire fucking dirty gutter rat living welfare causing violence look rest black people live dirties ebola plague ridden continent lucky white country come cure dumb ass,True,False,False,False,True,True,False,False,False,False
fuck mo kansa city,True,True,False,True,False,False,False,False,False,False
legal system inherently racist cnn reporter,True,True,False,False,False,False,False,False,False,False
wonder would twist slaverythe truth year slavery one sided bet fox news pay record,False,False,False,False,False,False,False,False,False,False
right loot right private property right destroy public property play victim card nothing change,False,False,False,False,False,False,False,False,False,False
not tazers,False,False,False,False,False,False,False,False,False,False
mr brown side oh dead,False,False,False,False,False,False,False,False,False,False
amen tell like sister amen,False,False,False,False,False,False,False,False,False,False
crazy thing thought office never anything want random people,False,False,False,False,False,False,False,False,False,False
watched zimmerman case video full shit smell hate seeping bringing rap music listens soundcloud nothing make charcter look foolish dangerous possible ever want respond fuck az wellyou go much effort destroy mike brown character bringing smoking habit nothing got shot tone perfectly chosen word use really make brown look like unstable look much detail u went trhu slay brown character,True,True,False,True,False,False,False,False,False,False
god narrator annoying lisp,False,False,False,False,False,False,False,False,False,False
law enforcement not trained shoot apprehend trained shoot kill thank wilson killing punk bitch,True,True,False,False,False,False,False,False,False,False
johnathan gentry november pm · no winner loser case heart prayer go michael brown family darren wilson family current leader seek make racial issue try divide country worker satan,False,False,False,False,False,False,False,False,False,False
mike brown criminal thug fuck,True,True,False,True,True,True,False,False,False,False
yeah right white shot black hell break lose black shot black no protest maybe start protest black shotting black buy thier story,True,False,False,False,True,True,False,False,False,False
lol trayvons online name nolimitnigga people got mad piece human trash like got shot,True,True,True,False,True,True,False,False,False,False
war year please war started three quarter million american died stop bitching,True,True,False,False,False,False,False,False,False,False
man zionist jew look ypu see jewnesss face cnn employ zionist sympathiser neocon racist wolf blitzer emplpyeee,True,False,False,False,True,True,False,False,False,False
anyone know irradiating commercial strawberry seed mine wont germinate,False,False,False,False,False,False,False,False,False,False
call anarchist defend cop shooting unarmed civilian highly disappointed beginning video referred square not know blunt much worse stefan incredibly touch evidence complete ignorance towards blackhip hop culture slang start smoking blunts listening hip hop would likely gain enlightened understanding life like lower class america,False,False,False,False,False,False,False,False,False,False
plenty white people care exact view woman deemed racist stopped caring,False,False,False,False,False,False,False,False,False,False
guess never done anything wrong life according analysis police right shoot six time make sure dead already dead proud officer tell everything hope child,False,False,False,False,False,False,False,False,False,False
protester suck,True,True,False,True,False,False,False,False,False,False
maybe not know exact story understood supposed case grown man shooting kid not supposed racial guy letting hate whether anti black anti white seem forgetting going police officer shot innocent kid want justice not fckin race moment pick race side become fckin joke dont give rat as many black killed white vice versa want know fck police officer walking free emptying motherfckin gun child,True,True,False,True,False,False,False,False,False,False
hilarious seeing moron get hit car,True,True,True,False,False,False,False,False,False,False
comment nothing topic videobut someone please set stefans rapping actual beat would epic,False,False,False,False,False,False,False,False,False,False
mansur ballbey not thug worked fedex not house served warrant not video brandishing gun shot back illegal u police officer st louis pd not releasing data know shot killed error ballbey no criminal record hubbard illegal going national tv slandering ballbeys son frankly would sue,False,False,False,False,False,False,False,False,False,False
fucking dumbass attention whore causing problem,True,True,False,True,False,False,False,False,False,False
not brown daily killing nonwhites white cop reality,False,False,False,False,False,False,False,False,False,False
could not help laughing started reciting rap lyric good,False,False,False,False,False,False,False,False,False,False
bitch talking people like dylan roof james holmes jared loughner jerad miller tim mcveigh jared loughner jim david adkisson paul hill scott roeder frazier glen miller jr elliot rodger buford furrow john r houser etc right,True,True,False,False,False,False,False,False,False,False
freaking people still racist police still awful,True,True,False,False,False,False,False,False,False,False
dirty mongrel,True,True,False,False,False,False,False,False,False,False
black life splatter,True,True,True,False,False,False,False,False,False,False
experienced racism side racist white,False,False,False,False,False,False,False,False,False,False
arrested blocking highway want protest somewhere else,False,False,False,False,False,False,False,False,False,False
would’ve satisfying someone threw molotov middle group,True,True,True,False,False,False,False,False,False,False
mr hubbard get jamyla bolden died needlessly,False,False,False,False,False,False,False,False,False,False
obstructing interstate commerce federal felony offence cop useless blm democrat modern version racist terroristic kkk also created not protester rioter driver first row car wimp imagine dying ambulance stopped traffic jam mile long,True,True,False,False,False,False,False,False,False,False
iz not nuffinz,False,False,False,False,False,False,False,False,False,False
nicely done,False,False,False,False,False,False,False,False,False,False
cannot stop revolution well year would say done pretty good job far,False,False,False,False,False,False,False,False,False,False
truck foghorn,False,False,False,False,False,False,False,False,False,False
not county go back middle east county b,True,False,False,False,True,True,False,False,False,False
no dumber people earth american,True,False,False,False,True,True,False,False,True,False
run,True,True,True,False,False,False,False,False,False,False
great vid,False,False,False,False,False,False,False,False,False,False
love rap section,False,False,False,False,False,False,False,False,False,False
tell breaking law blocking interstate traffic let get hit vehicle told leave not driver vehicle noy charged injury incurred billed retard standing street,True,True,False,False,False,False,False,False,False,False
darren wilson stand trial prove acted self defense jury open court law george zimmerman michael dunn could not grand jury operates secret cannot trusted no government trusted operates secret,False,False,False,False,False,False,False,False,False,False
guess suck construction worker show prove entire video wrong,True,True,False,True,False,False,False,False,False,False
criminal kid get shot police almost everyday plus mike brown bad criminal record started fight,False,False,False,False,False,False,False,False,False,False
u government killing population,True,True,True,False,False,False,False,False,False,False
parent one kid failed one job parent dont raise cunt,True,True,False,False,False,False,False,False,False,False
guess misread joe ever seen anyone put place swiftly eloquently not even sure realizes,False,False,False,False,False,False,False,False,False,False
living final day going get worse,False,False,False,False,False,False,False,False,False,False
run black cunt,True,True,True,True,True,True,False,False,False,False
leave video sometimes truth hurt thank posting video,False,False,False,False,False,False,False,False,False,False
black,True,False,False,False,True,True,False,False,False,False
not let elite divide conquer tactic work want keep u racially divided never rise,True,True,True,False,False,False,False,False,False,False
thus collapse usa two possibility considered whereby one boil dictatorship evil reprisal possibility may new reconstruction people fundamentally conscious responsibility attain government really everything bring effective valuable new start whether actually occur currently extremely questionable presently totalitarian manner everything directed towards interest economic military political cultural – well towards strict fundamentalist religioussectarian – based enormous lie devious misanthropic criminal felonious machination every imaginable regard also mean population usa spied upon secret service even severely within neighbourhood forth every possible manner restricted freedom addition violence emerges form openly covertly﻿,False,False,False,False,False,False,False,False,False,False
thank right onblack people going vote democrat yearthats race baiting aboutdemocrats rallying basesmh,False,False,False,False,False,False,False,False,False,False
sad god still control know tired michael derren wrong right god know let last judge,False,False,False,False,False,False,False,False,False,False
fucking douche bag,True,True,False,True,False,False,False,False,False,False
going viral already viewed police u,False,False,False,False,False,False,False,False,False,False
cnn joke,True,True,False,False,False,False,False,False,False,False
found channel one favs already thank u vids r excellent,False,False,False,False,False,False,False,False,False,False
flat racist say one race cannot represent another equally majority black voted white people mean black voted not vote best interest elected white official cannot represent black voter put himher office,False,False,False,False,False,False,False,False,False,False
thank finally powerful voice truth black community black killing perpetrated black part even black murder nonblacks not directed innocent black citizen rather drug gang related donald trump star parker hope aware peggy hubbard comment address issue honestly need seat table m hubbard trump campaign administration race monger like obama eric holder pelosi reid jessie jackson al sharpton naacp congressional black caucus congressional democrat ethnicity level government mainstream medium conspired last year turn viable black community governmentdependent ghetto knowingly advancing false narrative systemic white conservative racism perhaps greatest accomplishment destruction black nuclear family seventytwo percent black child born single mother get married limit number child obama progressive gladly extort taxpayer money take care illegitimate child exchange guaranteed vote keep power master plan policy insures generation newly created disaffected dysfunctional adult necessarily become democratic voter race hustler mentioned reacted way black black killing could go neighborhood power wipe gang minimize drug use give community real “hope” “change” never happen need black community dependent feel hopeless order maintain power control living good life back people deceiving thinking care think – purveyor lie damn lie could not make race issue past year would get “real” job like rest u,False,False,False,False,False,False,False,False,False,False
thanks voice sanity black community peggy,False,False,False,False,False,False,False,False,False,False
guy hired idiot,True,True,False,False,False,False,False,False,False,False
bored stupid kid,True,True,False,False,False,False,False,False,False,False
ran everyone,True,True,True,False,False,False,False,False,False,False
sure avoid getting guy taxi cab,False,False,False,False,False,False,False,False,False,False
upset court ruling ur upset close whole freeway go main cause airline ticket america freedom speech active right,False,False,False,False,False,False,False,False,False,False
scroll comment see bunch racist comment look trump supporter sits patiently hate ok seriously lot people saying wrong say “yeah kinda is” people saying “ it’s they’re black” think african american people innocent nothing wrong,False,False,False,False,False,False,False,False,False,False
united shit america collapsing good,True,False,False,False,True,True,False,False,True,False
great video although wish wouldve focused shit police thing keeping rioter supporter complete idiot,True,True,False,True,False,False,False,False,False,False
think kill,True,True,False,False,False,False,False,False,False,False
not dude got knocked phone stolen ferguson,False,False,False,False,False,False,False,False,False,False
cia agent provocateur operative kickstart riot new american civil war not african american rehearsed ebonics transparent,False,False,False,False,False,False,False,False,False,False
also love show picture brown angel not tug,True,False,False,False,True,True,False,False,False,False
saying minute could easily rap call duty white kid play btw pretty sure eminem sum white lyric go racism,False,False,False,False,False,False,False,False,False,False
mike brown father made say boooshit,True,True,False,True,False,False,False,False,False,False
dear peggy please mother run president,False,False,False,False,False,False,False,False,False,False
actually shout fire crowded theater christopher hitchens demonstrated talk free speech look interviewee correct cop serve public not way around consistent serving public police department represent public race ethnicity rank hire bunch big tough black guy police department fewer black shot death puny white guy felt humiliated got bitch slapped teenager,True,True,False,True,False,False,False,False,False,False
everyone want next mlk issue not problem u anymore require another mlk,False,False,False,False,False,False,False,False,False,False
guy idiot best lost already bozo,True,True,False,False,False,False,False,False,False,False
man intelligence average black man cannot comprehend like dog trying figure man make house,True,False,False,False,True,True,False,False,False,False
real strong black woman not afraid speak truth,False,False,False,False,False,False,False,False,False,False
white racist always comment section glad white exterminated another year no white peace earth,True,False,False,False,True,True,False,False,False,False
corrupt police harmed not safe defend self fighting back shooting dead get will ready cause catalyst fact citytowngovernmentusa catalyst pot boiling many year generation bring equalizer door step also purge feel effect,True,True,True,False,False,False,True,False,False,False
robbing store big man play fire get burnt police job,False,False,False,False,False,False,False,False,False,False
stuff like one reason people associate violence danger black people,True,False,False,False,True,True,False,False,False,False
ram prick,True,True,True,False,False,False,False,False,False,False
youtube comwatchvyfbbtdvhg research not come across information white construction worker witnessed mike brown shot hand,False,False,False,False,False,False,False,False,False,False
tellin fact steal swisher sweet value lifejust admit racist quit bunch faggott bitch,True,True,False,False,False,False,False,False,False,False
people seen mississippi burning way many damn time,False,False,False,False,False,False,False,False,False,False
good one stefan,False,False,False,False,False,False,False,False,False,False
run,True,True,False,False,False,False,True,False,False,False
update apologize fair report,False,False,False,False,False,False,False,False,False,False
kid would beat shit,True,True,True,True,False,False,False,False,False,False
someone say way black people behave no wonder ferguson shitty place black people u fucking lazy saying countless example life grandmother got black house nurse bitch nothing day grandmother complained agency sent different woman not black cleaned entire house hour mom work hospital nurse black co worker constantly nothing lazy not black people like one best friend black like like brother fuck expect get everything want ancestor slave well hitler killed ancestor see sagging pant cry like stupid bitch like stupid black people inequality representation probably black people generally lazy lack skill required hold position household income tie previous point lazylacking skill lower income job dropout rate school need taken black people ferguson hold high paying job not even graduate fucking high school worse healthcare tied low income money better doctor inequality enforcement give one completely unfair however looking black officer frisk mostly black people well hmmmm interesting maybe,True,True,True,True,True,True,False,False,False,False
nigga love victim situation separate black people need,True,False,False,False,True,True,False,False,False,False
someone get milk,False,False,False,False,False,False,False,False,False,False
dumb mf,True,True,False,True,False,False,False,False,False,False
basically talking black life matter guess looting rioting take place asshole whose robbed druged community hit point cnn belief police brutality want reform know there racism also know nobody going take fucking second look black right till black people take stand self destruction,False,False,False,False,False,False,False,False,False,False
need shoot racist fucktards,True,True,False,True,False,False,False,False,False,False
hope god guy still not falling ol banana tailpipe bullshit news giving,True,True,False,False,False,False,False,False,False,False
please slow cant tell sped m scully talking really quickly great video great information little fast,False,False,False,False,False,False,False,False,False,False
know crazy actually came across video bitcoin trying learn knew looked familiar took time look mike brown personal profile specifically soundcloud think guilty representing wrong light maybe stealing still not deserve die fact white people like continued insinuate ridiculous show clear lack empathy sympathy seems like animal think especially offensive looking back video year later hiphop rnb black culture biggest thing medium still dont understand perspective say trayvon martin making lean video show ignorant truly well sprite fanta carbonated drink used making leannot tea,True,False,False,False,True,True,False,False,False,False
obviously rapping not crime face indicative poor character aesop rock rap not rap murdering people beating shit people fun rap stuff stuff speaks volume character want perceived world absolutely relevant,False,False,False,False,False,False,False,False,False,False
peggy love video use stand black life matter using excuse get away crime know lot good black would like voice heard voice silenced nationwide uproar black life matter afraid say something could next victim,False,False,False,False,False,False,False,False,False,False
word provocateur,False,False,False,False,False,False,False,False,False,False
least favorite test tube video far,False,False,False,False,False,False,False,False,False,False
couple thing missed side argument firstly yes guy dead dead crime sceneof course not cover body secondly officer seems not called incident based multiple source odd addition make no excuse strong armed robberybut not understand money weed need rob cigar regardless not excuse getting shot street even ignore eyewitness account assume lying shot blatantly excessive lastly admit rapping not law mentioned rapped not law thing come close smoking marijuana course legal state getting fight teenager always,False,False,False,False,False,False,False,False,False,False
protester throwing stuff reporter,False,False,False,False,False,False,False,False,False,False
run,True,True,True,False,False,False,False,False,False,False
run,True,True,True,False,False,False,False,False,False,False
shocking truth come light,False,False,False,False,False,False,False,False,False,False
someone please turn autotune rap song stefan molyneux please,False,False,False,False,False,False,False,False,False,False
awesome woman,False,False,False,False,False,False,False,False,False,False
major difference zimmerman case one shooter zimmermans name not withheld taken custody news medium able document zimmermans injury immediately case handled horribly lack immediate transparency even everything true po questioned coverup also community history police abuse missing video alleged abuse occurred response medium peaceful protester also showed complete lack understanding escalation unlike authority dealing potential zimmerman looting riot pd case attacked protester rather station near looting target protect business criminal always take opportunity distraction like storm blackout protest loot authority know know great propaganda protester seen cause looting rather pd failed protect business also illustrates nd amendment valuable business owner depended pd protection got looted business owner depended right bear arm not looted,False,False,False,False,False,False,False,False,False,False
tip hat class lady well spoken,False,False,False,False,False,False,False,False,False,False
people not realize blocking road pissing people not get people onto side,False,False,False,False,False,False,False,False,False,False
alright entire case crap people saying white people racist calling bad name racist would like call u extensive investigation prove boy death self defense however not defending whole kkk thing defending helpless citizen ferguson boy died not care white black care people ferguson treating town really cared incident would hold memorial express feelingsthis not helping get justice really matter boy dead something done grand jury decided,False,False,False,False,False,False,False,False,False,False
dont like generalization used rant main point right chris rock said best black people niggaz nigga morn killer got gunned street black person mourns loss innocent human life little girl got murdered based comment black nigga ratio dropping,True,False,False,False,True,True,False,False,False,False
heard billionaire funded organised riot fucken suck joke,True,True,False,True,False,False,False,False,False,False
whether right wrong michael brown case nothing left wing policy please stop conflating issue,False,False,False,False,False,False,False,False,False,False
showed violent protest,False,False,False,False,False,False,False,False,False,False
peggy hubbard president,False,False,False,False,False,False,False,False,False,False
believe whatever wanna believe not care say bassem masri idiot,True,True,False,False,False,False,False,False,False,False
holy shit thought trayvon martin supporter imbecile michael brown clown must dope,True,True,False,False,False,False,False,False,False,False
policing problem protested caused black criminal let u not forget blame address elephant room,True,False,False,False,True,True,False,False,False,False
ahhhhhhhi love country,False,False,False,False,False,False,False,False,False,False
vile cunt,True,True,False,False,False,False,False,False,False,False
tear gas geneva convention hahahahahahahah,True,True,True,False,False,False,False,False,False,False
agree said cannot trust police not arrest crooked pedophile protecting treasonous politicans thing military people,True,True,True,False,False,False,False,False,False,False
blacklivesdontmatter,True,False,False,False,True,True,False,False,False,False
cnn youse guy going far tell bad going happen bad going benefit not care much money ellen better like rest careful put put russia careful kid,False,False,False,False,False,False,False,False,False,False
obama saying exactly lady saying instead defending thug clean language however,True,False,False,False,True,True,False,False,False,False
stefan excellentyou obviously better understanding event surrounding unfortunate event presidenti call unfortunate officer wilson life destroyed job fear police hesitate finding rapidly growing situation thank indepth honest dissertation tom kelver seek help go back school get drug,True,True,False,False,False,False,False,False,False,False
omg putting telling truth hard true,False,False,False,False,False,False,False,False,False,False
man stefan,False,False,False,False,False,False,False,False,False,False
people would take step back not make case not anyone except two people situation lump mess take matter hand make kind protest selfish without rational thought investigation guy video heavily emotional hyped want heard get heard press never reasonable discussion kudos smerconish keeping level whole time letting masri make fool dare tore city protest make dishonor entire incident hate way since police brutality become epidemic wish everyone would stop pretending like knew exactly going no measurable amount people honestly witnessed incident none u clue way whole issue swung grand jury informed trust majority rule right course action let also thank police officer america actually serve protect even bit jerk pull respect job know someone many people going pout held accountable action people hate police need officer two around emergency,False,False,False,False,False,False,False,False,False,False
pepper spray create dangerous situation motorist get put jail isn’t peaceful protest infringing upon citizen right move freely cannot due blockade called protestors creating dangerous situation,False,False,False,False,False,False,False,False,False,False
stefan molyneux not give rounded view simply wanted use old tired ploy discrediting michael brown no sane person would believe officer wilson perfect angelic white man no person exists not privy questionable characteristic cop rest assure human nature spite brown smoking weed stealing blunts even rapping bitch gun etc not justify someone unarmed shot many time desensitized culture hip hop white people also monetarily benefited,False,False,False,False,False,False,False,False,False,False
burn tear gas oc pepper spray,False,False,False,False,False,False,False,False,False,False
smirconnish evenhanded guy world guy masri idiot,True,True,False,False,False,False,False,False,False,False
dont understand black community want rally behind wanna thug video guy robbing store came would thought protester would gone home michael brown turd crowd full racist hate white community,True,True,False,False,True,True,False,False,False,False
right finally sane opinion event black bastard soooooooooo ignorant running around yelling looting carrying like la riot old shit,True,False,False,False,True,True,False,False,False,False
real criminal wall street guy steal money inmate every penitentiary every dreamed stealing,True,True,True,False,False,False,False,False,False,False
see bunch ignorant fuck trying hardest turn racial thing never racial thing start self defense plane simple attack cop as going get shot,True,True,True,False,False,False,False,False,False,False
surethey totally looked factual evidence trial like special treatment hey knew going happen not,True,True,True,False,False,False,False,False,False,False
peggy hero,False,False,False,False,False,False,False,False,False,False
god bless police,False,False,False,False,False,False,False,False,False,False
shit serving medium concocts story white cop kill innocent black teenager bullshit get black community arm burn shit downmore story useless talking head get front camera least week see black white crime reported newsno national attention no federal involvementwtf black men need stand father stop looking excuse fuck yall yall,True,True,False,True,True,True,False,False,False,False
teen face life prison pot brownie year old man get arrested feeding poor police officer set free no charge whatsoever killing teenager not people see wrong,False,False,False,False,False,False,False,False,False,False
molyneux tête de noeud,False,False,False,False,False,False,False,False,False,False
accelerate go fast enough no one able film plate time,True,True,False,False,False,False,True,False,False,False
u police logic shit brick shoot quick call army nuke,True,True,True,False,False,False,False,False,False,False
yep muslim bitch,True,False,False,False,True,False,False,True,False,False
fucking brain dead let nazi police scum bag take,True,True,True,False,False,False,False,False,False,False
trés tote hilars vid grip revolutionary regular poster afropunk seventeen massive corporate sponsor revolution start sponsored following multinational corporation ha ha ha virtue signaling satire practically writes,False,False,False,False,False,False,False,False,False,False
blood street worried word getting tired way mainstream medium treating u like idiot follow condescending irrelevant distracting disparaging narrative step cnn,False,False,False,False,False,False,False,False,False,False
focus happened officer confronted brown lead death nothing else matter focus,False,False,False,False,False,False,False,False,False,False
find satisfying reason,True,True,True,False,False,False,False,False,False,False
section lady gentleman see black people misbehaving wonder would happen everyone rioted court decision not go way,True,False,False,False,True,True,False,False,False,False
real black leadership real revolutionary radicalism,False,False,False,False,False,False,False,False,False,False
white moveout ferguson let u see nice becomes east st louis detroit baltimore thing happened look city,True,False,False,False,True,True,False,False,False,False
buy ak shoot usa copa,True,True,False,False,False,False,True,False,False,False
inanimate object police car resilient getting completely flipped set fire,False,False,False,False,False,False,False,False,False,False
black cop kill white kidblack kid kill white cop anyone riot protest engage national news no race not mentioned either circumstance think ask question answer honestly real racist country,True,False,False,False,True,True,False,False,False,False
lot people entire medium missing huge crucial point micheal brown even stopped first place day happened officer said mike brown walking street day later robbed convenience store despite fact owner say store never robbed officer apparently fear life pd claim seriously injured altercation mike brown even though video showing officer perfectly fine standing mike body hour shooting also mike body foot away officer mike apparently charged man police full shit cannot see shit made either bigot fucking idiot,True,True,False,True,False,False,False,False,False,False
shoot someone run lol,False,False,False,False,False,False,False,False,False,False
truly tragedynot death kid way city reacted not way get justice make matter worse malcolm x way handling thing not dr king way,False,False,False,False,False,False,False,False,False,False
not really race issue police brutality issue not first time cop like darren wilson not sent jail group police officer shot killed homeless white man not want leave spot home shot attacked k shot bean bag long dead even camera not go jail problem police keep ignoring get worse worse not try make excuse bad police officer behavior thankful one job right,False,False,False,False,False,False,False,False,False,False
run motherfucker,True,True,True,False,False,False,False,False,False,False
reason ram moved back los angeles,False,False,False,False,False,False,False,False,False,False
guy hero,False,False,False,False,False,False,False,False,False,False
truth people need realize accept michael brown action brought situation bible say justice not served fast not put justice people said no justice no peace word awakes scripture head deeply say cannot speak everything wish speak right long believe would say come right time,False,False,False,False,False,False,False,False,False,False
interesting informative,False,False,False,False,False,False,False,False,False,False
great interview,False,False,False,False,False,False,False,False,False,False
screw price crap think cool disrespect american flag,True,True,False,False,False,False,False,False,False,False
stefan like standup darren wilson though side event lose integrity give clean chit considering incompetent ferguson police turning,False,False,False,False,False,False,False,False,False,False
dude commits felony including assaulting police officer shot killed serious race riot distract fact cop job case closed justice served street day,False,False,False,False,False,False,False,False,False,False
shoot looter sight,True,True,True,False,False,False,False,False,False,False
arab rapping go ahead brolol getto,True,False,False,False,True,True,False,False,False,False
techno party,False,False,False,False,False,False,False,False,False,False
no leave alone not take,False,False,False,False,False,False,False,False,False,False
always easier second guess someone cop get lot training end day still human navy seal think human make mistake unless make robot cop continue mistake made also medium play big part issue white co killed black man black cop killed black man would not even make news probably need get long stop making everything race issue good citizen not issue cop young man not saint not gentle giant said robbed store probably thing happen cop explained god people involved know exactly happened,False,False,False,False,False,False,False,False,False,False
protester look like kid wonder anyone got license plate number pretty wild bunch kid could much damage infrastructure pathetically weak,False,False,False,False,False,False,False,False,False,False
published aug truth still uncovered know likelyyou cant assume know entire story investigated fed going investigate pd going back year not case think going know time go assuming know answer looked microscope misleading people,False,False,False,False,False,False,False,False,False,False
dirtbags including cnn,True,True,False,False,False,False,False,False,False,False
black life matter white life matter life matter,False,False,False,False,False,False,False,False,False,False
look like medium come bogus clam cause division side thing question not much not people see truth government planing medium fueling,False,False,False,False,False,False,False,False,False,False
much logic intelligence must mixed race intelligent white dna,True,False,False,False,True,True,False,False,False,False
put civilian perspective two people get fight one get shot go jail since cop protecting self micheal brown shot foot away daren wilson patrol car no way could not get self situation continued conflict two no reason shoot option like pepper spray tazer,False,False,False,False,False,False,False,False,False,False
finished video gaze upon racist bigot comment section make glad human,True,True,False,False,False,False,False,False,False,False
ana fuxking hot,True,True,False,True,False,False,False,False,False,False
forgot add timeline suspect also assaulted owner store threatens,False,False,False,False,False,False,False,False,False,False
people facebook tie isi terrorist group muslim extremist,True,False,False,False,True,False,False,True,False,False
show title not belong host name,False,False,False,False,False,False,False,False,False,False
history mankind people color creed culture found way rise ash oppression self betterment self preservation except black please enlighten unknown phenomenon,True,False,False,False,True,True,False,False,False,False
cannot wait jesus come back could take care b getting sick tired racist white people racist black people damn get along black man love white people black people away hate heart try loving hate gonna take u hell need come together god child not kkk black power u,False,False,False,False,False,False,False,False,False,False
run mdrfckrs,True,True,True,True,False,False,False,False,False,False
would kept going get hit get hit would slowly push way ppl need grow fuck,True,True,True,False,False,False,False,False,False,False
wow common sense refreshing great job stefan molyneux,False,False,False,False,False,False,False,False,False,False
lmfao dude taking like hear talking not know saying smh,False,False,False,False,False,False,False,False,False,False
well ya go young white man killed nonwhite say black cop no medium outcry almost no medium anything search,False,False,False,False,False,False,False,False,False,False
need come togather,False,False,False,False,False,False,False,False,False,False
wtf,False,False,False,False,False,False,False,False,False,False
idiot,True,True,False,False,False,False,False,False,False,False
stephan ive watching quite first post truth henry kissinger would interested hearing opinion man ty,False,False,False,False,False,False,False,False,False,False
bill cosby caused,False,False,False,False,False,False,False,False,False,False
love rogan no tear gas not geneva convention lol thats mustard gas burn rib inside vomit sorry say,False,False,False,False,False,False,False,False,False,False
know sayin wow,False,False,False,False,False,False,False,False,False,False
stefan molyneux please explain inquiry handling subsequent unrest circular language game pretty simple straightforward question seem avoiding unnecessarily hostile manner justification heavyhanded militaristic response looting would official handling situation decide initially block access area medium family member life area attest unprofessionalism hostility law enforcement handling early incorrect info please direct toward fact regarding still not understand went straight attacking respect logicwhen willing share thank advance hopefully wont continue insult whatever reason chose,False,False,False,False,False,False,False,False,False,False
one feral hoodlum put rest u no longer need fear thuggish behavior upset blame parent failed raise right provide proper supervision defective start either way sound like case quality control thank officer wilson job,True,False,False,False,True,True,False,False,False,False
let not news,False,False,False,False,False,False,False,False,False,False
loved trayvon martin video love one wish could deliver cable news maybe people would get truth,False,False,False,False,False,False,False,False,False,False
city full really really really dumb people cannot try reason,True,True,False,False,False,False,False,False,False,False
ever get situation run asshole overi,True,True,True,False,False,False,True,False,False,False
racist piece shit reach anything justify murder extremely shameful slant fact order justify racist biased view,True,True,False,True,False,False,False,False,False,False
coming towards officer thing charging officer person foot away no eyewitness saying,False,False,False,False,False,False,False,False,False,False
get shot time inside right arm palm hand not hand surrender position not consistent charging officer consistent eye witness account said surrendering,False,False,False,False,False,False,False,False,False,False
bear mace gas pedal,True,True,False,False,False,False,True,False,False,False
cnn mother fuckersfuck peace shit,True,True,False,True,False,False,False,False,False,False
burn public storage make sense,False,False,False,False,False,False,False,False,False,False
believe correct word caucasian not white let u correct every regard great report though love video,False,False,False,False,False,False,False,False,False,False
joe rogan idiot,True,True,False,False,False,False,False,False,False,False
watched kept muttering shoot shoot pull trigger rubber bullet hurt like mfer,True,True,True,False,False,False,False,False,False,False
wait rioting people standing boredly sidewalk guy gun middle traffic,False,False,False,False,False,False,False,False,False,False
criminal got shot great,True,True,True,False,False,False,False,False,False,False
really black people violent,False,False,False,False,False,False,False,False,False,False
huge wisdom anyone ear listen,False,False,False,False,False,False,False,False,False,False
black able white people rush hour traffic coming home job bring lazy ass watching tv getting high fuck people providing welfare yea white people sit jury rule police brutality shooting piss sure getting see side story,True,False,False,False,True,True,False,False,False,False
people talking stupid subject not care blue purple cousin killed drunk african driver left die go local news see rioting outside no sorry michael family truly everyone loos someone people get violent people post think people,False,False,False,False,False,False,False,False,False,False
bitch deported,True,True,False,True,False,False,False,False,False,False
thank stefan well put,False,False,False,False,False,False,False,False,False,False
hell even interviewing guy idiot,True,True,False,False,False,False,False,False,False,False
going pay store owner cigar big gigantic mike stole,False,False,False,False,False,False,False,False,False,False
dumb people,True,True,False,False,False,False,False,False,False,False
didnt attack police officer steal store expect,False,False,False,False,False,False,False,False,False,False
taser gun need,False,False,False,False,False,False,False,False,False,False
fuck thes cop pussy,True,True,False,True,False,False,False,False,False,False
happen would drive though n cop shit mess letting finish say like need get home work u see long line car holding people bullshit,True,True,True,False,False,False,True,False,False,False
dislike white people offended thought racism not issue anymorethink,True,False,False,False,True,True,False,False,False,False
darudesandstorm,False,False,False,False,False,False,False,False,False,False
would love see pussy go staten island spit cop would love see happen mike brown strong arm thug people burning ferguson eric garnier nothing wrong choked death no protest mafia controlled staten island no burning car nothing,True,True,False,True,True,True,False,False,False,False
wake black people,False,False,False,False,False,False,False,False,False,False
people country going learn not police enemy mediathey one lighting called fire stirring pot,False,False,False,False,False,False,False,False,False,False
interviewer right guy show respect paramilitary police killing getting away ha,True,True,True,False,False,False,False,False,False,False
man guy nothing bunch waffling nonsense coming mouth answer question,True,True,False,False,False,False,False,False,False,False
like turtle,False,False,False,False,False,False,False,False,False,False
spoke others want say,False,False,False,False,False,False,False,False,False,False
god look raw footage shocking ferguson riot watch see guy god hd,False,False,False,False,False,False,False,False,False,False
fucking idiot get outta waysome people gotta get work,True,True,False,False,False,False,False,False,False,False
awnser question aim leg,False,False,False,False,False,False,False,False,False,False
really sad story someone killed no reason racial war increase devil must seen officer victim guy caused action let u pray soul,False,False,False,False,False,False,False,False,False,False
deadly force fine line im not either side brutal there no winning,False,False,False,False,False,False,False,False,False,False
welcome new world order,True,True,True,False,False,False,False,False,False,False
saw article many case went pretty much one particular one making big scene,False,False,False,False,False,False,False,False,False,False
give key county snowplow get road open asap,True,True,True,False,False,False,False,False,False,False
yea beat white people rob black owned store cause massive riot wasting money bet yall not work stop wasting people money yourselfi hope every single person got shotthat not happen though sadly,True,True,True,False,True,True,False,False,False,False
somebody pick gun kill cop already la style,True,True,True,False,False,False,False,False,False,False
charge armed cop dangerous weapon,False,False,False,False,False,False,False,False,False,False
cop protester steal destroy thing not solving shit,True,True,False,True,False,False,False,False,False,False
peggy blessed much courage heart thank honesty passion matter whatawoman,False,False,False,False,False,False,False,False,False,False
community marching peace hand hand girl killed sitting home homework deserves least society let maybe al sharpton lead,False,False,False,False,False,False,False,False,False,False
wow need get shit straight never weapon pointed one vid ready position due riot understandable course action one know anything,False,False,False,False,False,False,False,False,False,False
michael brown much research see opinion man dangerous enough rob store without weapon dangerous criminal anything gentle giant proof show brown attacked wilson peace officer beginning not race issue government medium created race issue attack constitutional right anything,False,False,False,False,False,False,False,False,False,False
legend still yelling move,False,False,False,False,False,False,False,False,False,False
much hatred people,False,False,False,False,False,False,False,False,False,False
wow ahole make cnn interviewer seem reasonable balanced,True,True,False,True,False,False,False,False,False,False
ah memory btw brought firework,False,False,False,False,False,False,False,False,False,False
law protester blocking street leagaly allowed run,True,True,True,False,False,False,False,False,False,False
wrong mother fucker no shoot apprehend,True,True,False,True,False,False,False,False,False,False
legalize marijuana problem stop,False,False,False,False,False,False,False,False,False,False
fact prove thug,True,True,False,False,False,False,False,False,False,False
ireland v england riot hq,False,False,False,False,False,False,False,False,False,False
one part hard believe guy ran officer shot drug know would illicit type behavior pcp,False,False,False,False,False,False,False,False,False,False
virginia,False,False,False,False,False,False,False,False,False,False
easy point negative black man point good point white man shit corny wanna taken seriously tell fact good bad party know couple lyric picture showing middle finger doest justify shot time medium say controlled look around internet store owner micheal brown alledgedly stole cigar said wasnt micheal brown video bogus think everything happened cop v black men recent year make sen black man start beating policeman run away policeman start firing micheal stop rush back police gun drawn already fired shot pure bullshit,True,True,False,True,False,False,False,False,False,False
kill protester,True,True,False,False,False,False,True,False,False,False
cnn bullcrap,True,True,False,False,False,False,False,False,False,False
wowpeople like cannot say thing rightly say pc police get offended tag racist therefore no truth might speak given credencesociety know speaking truth magnifies like no one else could not elevating people like school board city council mayor state national office,False,False,False,False,False,False,False,False,False,False
exactly right stefan crime bad decision creates poverty poor unattractive area criminal not steal necessity get respect homies pathetic,True,True,True,False,False,False,False,False,False,False
video racist,False,False,False,False,False,False,False,False,False,False
character not matter unarmed killed hand damn could arrested not kill fuck let oj get away murder kill boy stealing cigar,False,False,False,False,False,False,False,False,False,False
would eating coal could roll,True,True,True,False,False,False,False,False,False,False
alllivesmatter,False,False,False,False,False,False,False,False,False,False
shibby dibby ignoramus as bitch,True,True,False,False,False,False,False,False,False,False
delusional moron anger justified mike indeed unjustly killed hand mike malicious person shooting justified rioting not justified no one know happened day riot taking place basis assumption,True,True,False,True,False,False,False,False,False,False
wouldnt waist time trying reason police spitting thug trying defend criminal brown losing matter grand jury made decision live,True,True,True,False,False,False,False,False,False,False
don’t care protesting one run punk ass’s hope get run tf,True,True,True,False,False,False,False,False,False,False
everyone know white people die cop black even though black get arrested double rate white less arrest end shooting less people killed police black courtesy fbi statistic maybe worry black commit much crime yet numbered general population oh ten year ago crime rate employment rate black better,False,False,False,False,False,False,False,False,False,False
good balanced unbiased videothis story sad smh,False,False,False,False,False,False,False,False,False,False
michael smerconish hack,False,False,False,False,False,False,False,False,False,False
remember sent national defence,False,False,False,False,False,False,False,False,False,False
time test police gun fire fire,True,True,True,False,False,False,False,False,False,False
stop advertising swisher sweet lol ur racist point blank,True,True,False,False,False,False,False,False,False,False
black tired killed nothing not weapon shut as white devil white people evil,True,False,False,False,True,True,False,False,False,False
masri unemployed,True,True,True,False,False,False,False,False,False,False
time sequence event wrong no call made report robbery officer darren wilson not dispatched crime scene even police chief said publicly,False,False,False,False,False,False,False,False,False,False
look mike brown world instrumental,False,False,False,False,False,False,False,False,False,False
clearly racist shrill canadian vegatable plant life box ivory snow truly know nothing negro race,True,True,False,False,False,False,False,False,False,False
thank,False,False,False,False,False,False,False,False,False,False
m hubbard absolute respect wish would run office level got bigger ball male politician call like bravo,False,False,False,False,False,False,False,False,False,False
honestly believe mike brown actually trying take cop gun cop sitting car would stupid think kid would charge someone pointing gun beast high high could mike go store everything else easilyepic fail sir not make officer take toxicology test officer obviously scared going use weapon per intimidated mike size officer not know mike stolen anything told dispatcher knew nothing shooting area get fact straight please,True,True,False,False,False,False,False,False,False,False
police cleaned mess quick nice,True,True,True,False,False,False,False,False,False,False
yall need stop acting like mike brown innocent guy never nothing wrong,False,False,False,False,False,False,False,False,False,False
case overshadowed cop murdered kid fake sword saratoga spring utah much outraged mike brown case murder happened utah deal cop provided non lethal weapon shooting utah unwarranted ran not know ran lunged police fake sword taken opportunity immediate action right ran shot time back know large group cop corrupt murderer nothing new though ran police many time teen cop pursue find hiding not put bullet back ending life said paper saratoga spring black population would say,False,False,False,False,False,False,False,False,False,False
well seeing looting protesting would say would not high exhibit poor decision making also not impressed anyone going college college not used pretty much extended childhood people go,False,False,False,False,False,False,False,False,False,False
people not get not want get shot not act like thug threaten police officer effin ridiculous excuse act like asshole oh good job destroying city,True,True,False,True,False,False,False,False,False,False
informative really appreciate video,False,False,False,False,False,False,False,False,False,False
brown isused excuse loot take people shit destroy neighborhood haaaa typical ghetto bullshit ya not even hood ya ghetto bitch collecting free rent govt fighting govt occupy wall street fagets nothing else go clean highway,True,False,False,False,True,True,False,False,False,False
thought waste skin catching desert fps would not make popular guy no free people allowed party not live bookend country rest libshits would justice know majority real american despise every way know every day continue exist ying must yang motherjumper,True,True,False,True,True,False,False,False,False,False
dear mr stefan molyneux not add video regarding michael brown ferguson pd horrible history lying corruption smart think not make statement massive authoritarian corruption negative impact community serf people eventually get fed no choice disregard law andor fight back cop merit charge mr brown indeed happened,False,False,False,False,False,False,False,False,False,False
law not prosecuted run people blocking street sure know go winning people cause lol,True,True,True,False,False,False,False,False,False,False
one mustang needed situation lol💀💀,True,True,True,False,False,False,False,False,False,False
not get cop armed civil war machine gun unarmed civilian throwing brick fuck united state people america must free oppression,True,True,True,False,False,False,False,False,False,False
get time work jk,False,False,False,False,False,False,False,False,False,False
best opinion yet definitely would used deadly force someone charging assaulting prior carry gun everywhere go cause world getting crazy thanks sharing everyone know,False,False,False,False,False,False,False,False,False,False
fuck peaceful gun gas human road block problem solved,True,True,True,True,False,False,False,False,False,False
stupid arab police shoot apprehend lmao not work attacked,True,False,False,False,True,True,False,False,False,False
love saem thing go peggy stupid ya killing ya self quicker stlpd could ever wakeup,False,False,False,False,False,False,False,False,False,False
respectable woman,False,False,False,False,False,False,False,False,False,False
guy got hard,False,False,False,False,False,False,False,False,False,False
ok dipshits not care foot tall pound call backup use pepper spray use baton use taser wait backup use gun saying go monkey blindfold hand tied behind back anyways preliminary autopsy showed shot time less lethal area executed gunshot wound head,True,True,False,False,False,False,False,False,False,False
truly sad people stopped roadway simply walked protestors informed second going use punching bag boy girl not move not disband lay bitch needed ass kicked far chp not even one citation written bitch cop,True,True,True,True,False,False,False,False,False,False
ferguson like american city not prison resident feel mistreated discriminated subjected illegall search seizure advice move country vast confident find somewhere great nation find place happy successful,False,False,False,False,False,False,False,False,False,False
lol police begining sound like he saying moo move cow mean cop maybe feel like cop mean cow,False,False,False,False,False,False,False,False,False,False
ignorant coward full emotion estrogen apathy hell come fuckin racially ambiguous blackwashed loudmouth really chose pathetic man interview,True,True,True,False,True,True,False,False,False,False
amazing info police officer given award could not find nothing else plus witness support opposing view state friend officer wilson wife say repeatedly fact nothing hit piece michael brown long take tell truth day still not statement officer quick release dirt micheal brown smelling yet waiting see video caught incident not take plus day show written report unless filled lie truth not change not need preparation simply tell,False,False,False,False,False,False,False,False,False,False
would’ve pressed button shoot tsar bombar outta car,True,True,True,False,False,False,False,False,False,False
reasonburgertwitter powerful blunt force trauma powerful hope word change thinking whose concern black life misplaced thank sharing,False,False,False,False,False,False,False,False,False,False
vice news dispatch,False,False,False,False,False,False,False,False,False,False
another bulllsship vice documentary doesnt focus fact idiot no job venting racist paranoia,True,True,True,True,False,False,False,False,False,False
run,True,True,True,False,False,False,False,False,False,False
black officer shot white guy would fine black people not racist,True,False,False,False,True,True,False,False,False,False
“do white child deserve future ten million nonwhites flooding white country every year decade mean white minority every country founded black country remain majority black asian country remain majority asian white country affected genocide international law antiwhites don’t call genocide call diversity diversity mean chasing every last white child antiracist codeword antiwhite”,True,False,False,False,True,True,False,False,False,False
cell phone video shown anymore get sorry message saying private,False,False,False,False,False,False,False,False,False,False
omg terrorist isi undercoveragent american arrest,True,False,False,False,True,True,False,False,False,False
obviously not matter smoked marijuana family autopsy say not shot back unbiased witness clearly state time mb coming officer no mention hand witness michael brown shooting repeat time dude kept coming towards police,False,False,False,False,False,False,False,False,False,False
not informed exactly going fucked trying find reliable resource understand cannot believe thing like still happening,False,False,False,False,False,False,False,False,False,False
wow,False,False,False,False,False,False,False,False,False,False
funny thing government trusted judge fucking disgusting,True,True,True,False,False,False,False,False,False,False
run,True,True,True,False,False,False,False,False,False,False
bamshe said,False,False,False,False,False,False,False,False,False,False
injustice white kid would excuse,True,True,True,False,False,False,False,False,False,False
day day thisisacommentary here truth,False,False,False,False,False,False,False,False,False,False
no longer allegedly michael brown video confirmed family,False,False,False,False,False,False,False,False,False,False
well done 👍,False,False,False,False,False,False,False,False,False,False
congrats got town flame roll live rd world hell hole also try move oh wait cannot cause town garbage probably business market p,False,False,False,False,False,False,False,False,False,False
right dynamite,False,False,False,False,False,False,False,False,False,False
want toss one gernades lol not anyone course range would fucking shit,True,True,False,True,False,False,False,False,False,False
aiming gun people saying something not like extremely american thats america broken system,False,False,False,False,False,False,False,False,False,False
bravo,False,False,False,False,False,False,False,False,False,False
let u look fact moving away shot fired witness arm shot fire witness dropping knee shot fired witness audio recording shot two group video recording spontaneous utterance hand etc fighting officer officer others fighting weapon car officer others weapon discharged car officer others damage officer eye medical report not released officer statement not released police log incident radio report not released forgot third review wound showed shot least twice witness yet support unofficial officerss version incident,False,False,False,False,False,False,False,False,False,False
feel sorry hapenned thus think not happen gang member kill another one go street cop kill black male knowing gang menbers killing every day lost family friend no one went street scream stop killing police killing black person whole world stop human,False,False,False,False,False,False,False,False,False,False
amen peggy hubbard color make no difference person inside innocent nine year old little girl one attention people want cause chaos black white going exactly obama wantednow look country mess admire courage telling like peggy hubbard,True,False,False,False,True,True,False,False,False,False
people ask peace riot bring violence,False,False,False,False,False,False,False,False,False,False
difference color skin people still say,False,False,False,False,False,False,False,False,False,False
genuine failure leadership president united state nice town ferguson declared state emergency put martial law federal troop stuffed town nonresident pushed everyone knew going another riot butwhat president not want offend black community not want anyone else get shot let er burn baby burn seems real leader could way mr president sir failed reprehensibly accuse you﻿,True,True,True,False,False,False,False,False,False,False
yes let destroy someone elses property ruin day mad someone else take police cunt,True,True,False,False,False,False,False,False,False,False
black get prejudice easily,True,False,False,False,True,True,False,False,False,False
fate another neglected child would interesting know family background always keep mind child emulate social behaviour,False,False,False,False,False,False,False,False,False,False
weak display law enforcement,True,True,True,False,False,False,False,False,False,False
supra need let happens,False,False,False,False,False,False,False,False,False,False
police charge,False,False,False,False,False,False,False,False,False,False
great video levelheaded cogent fair unfortunately cognitive dissonance confirmation bias taken hold whole discussion breath fresh air thank stefan,False,False,False,False,False,False,False,False,False,False
merica,False,False,False,False,False,False,False,False,False,False
would get car start burnouts face either move get smoked,True,True,False,False,False,False,True,False,False,False
mr masri right could not say better,False,False,False,False,False,False,False,False,False,False
not one pair work boot stolen ferguson riot,True,False,False,False,True,True,False,False,False,False
like say hurr instead,False,False,False,False,False,False,False,False,False,False
nice lorry driver need ran fuck,True,True,False,False,False,False,True,False,False,False
police concentrate investigation people called misbehaving hope investigation get cancelled behave let police work everyone say guy committed suicide cop attacking police first place clear not disrespect police way,True,True,True,False,False,False,False,False,False,False
next time line car start making burnout smoke riot gas non lethal eficient double check actualy non lethal course xd,True,True,True,False,False,False,False,False,False,False
great videothank peggy,False,False,False,False,False,False,False,False,False,False
wouldve brought ar wouldve done job dont care went jail nog would deserve,True,True,True,False,False,False,False,False,False,False
must mad cause quiet lost thier belt,False,False,False,False,False,False,False,False,False,False
german police pretty nice even would beat protestors,False,False,False,False,False,False,False,False,False,False
would pop couple shot air watch scatter like roach light turn,True,True,True,False,False,False,False,False,False,False
hope fucker get slammed major fine fucking idiot,True,True,False,True,False,False,False,False,False,False
thank mr hubbard happy said need saying black allowing neighborhood destroyed black mother stand counted black father keep as home help raise child peggy chief back fair wind following sea shipmate slap heard round world need happen whole lot sister,False,False,False,False,False,False,False,False,False,False
love woman wish like would certainly help cause page,False,False,False,False,False,False,False,False,False,False
chief not black lying,False,False,False,False,False,False,False,False,False,False
